,,,,,
1,Name,Street,Address,Phone,Hours
2,2Hawk Vineyard & Winery,2335 N Phoenix Road,"Medford, OR 97504",541-779-9463,"(Daily, 1 - 7 pm)"
3,12 Ranch Wines,4550 Burgdorf Road,"Bonanza, OR 97623",541-545-1204,(By Appointment)
4,12th & Maple Wine Company,1242 SE Maple Street,"Dundee, OR 97115",503-538-7724,(A custom crush facility for several wineries)
5,15 Mile Winery,306 Court Street,"The Dalles, OR 97058",541-965-1445,"(Sat & Sun, 11 am - 5 pm)"
6,51 Weeks Winemaking- At Southeast Wine Collective & Wine Bar,2425 SE 35th Place,"Portland, OR 97214",503-706-9339,(Call for seasonal hours)
7,720 Wine Cellars,720 Wyatt Ln,"Philomath, OR 97370",,
8,Abacela Vineyards & Winery - Vine & Wine Center,12500 Lookinglass Road,"Roseburg, OR 97470",541-679-6642,"(Daily, except major holidays: Nov thru May: 11 am to 5 pm"
,,,,,June thru Oct: 11 am to 6 pm)
9,Abbelone Vineyard,85505 Christensen Road,"Eugene, OR 97405",541-344-6358,
10,Abbey Creek Vineyard,31441 NW Commercial St,"North Plains, OR 97133",503-389-0619,(By appointment and special events)
11,Abiqua Wine Vineyard,19822 McKillop Loop Rd NE,"Scotts Mills, OR 97375",503-874-9818,(Open Memorial & Thanksgiving Weekends; Other times call ahead for a private tasting appt.)
12,A Blooming Hill Vineyard,5195 SW Hergert Road,"Cornelius, OR 97113",503-992-1196,"(Fri - Sun, Noon to 5:30 pm; Mon - Thurs, by appointment)"
13,Academy of Wine,Applegate Valley 18200 Hwy 238,"Grants Pass, OR 97527",541-846-6817,(Sat & Sun: 2 - 5 pm or by appointment. Also open 2-5 most holiday weekends)
14,Acme Wineworks,PO Box 48,"Carlton, OR 97111",503-852-6969,(Not open to public)
15,Adea Wine Company,26423 NW Highway 47,"Gaston, OR 97119",503-662-4509,"(Jan - Mar, by appointment only - 503-662-4509; Apr - Sept, Fri - Sat, Noon - 4 pm, or by appt)"
16,Adelsheim Vineyard,16800 NE Calkins Lane,"Newberg, OR 97132",503-538-3652,(Daily 11 am - 4 pm)
17,Agate Ridge Vineyard,1098 Nick Young Road,"Eagle Point, OR 97524",541-830-3050,"(Summer Season: Daily, 12 - 6 pm; Winter Season: Daily, 12 - 5 pm)"
18,Airlie Winery,15305 Dunn Forest Road,"Monmouth, OR 97361",503-838-6013,"(Mar - Nov: Thurs - Mon, 12 - 5pm)"
19,Abiqua Wine Vineyard,19822 McKillop Loop Rd NE,"Scotts Mills, OR 97375",503-874-9818,(Open Memorial & Thanksgiving Weekends; Other times call ahead for a private tasting appt.)
20,Alexana Winery Tasting Room,12001 NE Worden Hill Road,"Newberg, OR 97132",503-537-3100,"(Daily, 11 am to 5 pm; Winter Hours, 11 to 4 pm; Private Tastings by appointment)"
21,Alexeli Vineyard & Winery,35803 South Hwy 213,"Molalla, OR 97038",503-829-6677,"(Apr - Nov, Sat & Sun: 12 am - 5 pm)"
22,Alit Wines - Chapter 24 Vineyards,531 OR-99 W,"Dundee, OR 97132",503-487-6341,(Thurs - Mon: 11 am - 5 pm)
23,Alloro Vineyard,22075 S.W. Lebeau Road,"Sherwood, OR",503-625-1978,(Thurs - Mon: 11 am - 5 pm)
24,Alpine Vineyards,25904 Green Peak Road,"Monroe, OR 97456",541-424-5851,(Not open to public)
25,Amalie Robert Estate,Bursell Road (Call for directions),"Dallas, OR 97338",503-831-4703,(Open by Appointment)
26,Amaranth Ridge,5500 Driver Valley Road,"Oakland, OR 97462",0,(Not open to public)
27,Amity Vineyards,18150 Amity Vineyards Road SE,"Amity, OR 97101",503-835-2362,(Nov - May: 12 - 5; June - Oct 11 - 5; Closed major holidays)
28,Analemma Winery,1120 State Road,"Mosier, OR",541-478-2873,"(Apr 5 - Oct 5, Sat & Sun, 10 am - 5 pm or by appointment - 541-478-2873)"
29,Anam Cara Cellars (Chehalem Mountains AVA),22222 S.W. Nicholas View Drive,"Sherwood, OR 97140",503-537-9150 Sheila,(By Appointment)
30,Anam Cara Cellars - Newberg Tasting Room,306 N Main Street,"Newberg, OR",503-537-9150,"(Mar - Dec: 11 am - 5 pm, Daily; Jan & Feb: 11 - 5, Thurs - Sun or by appt)"
31,Ana Vineyards,8777 NE Worden Hill Rd,"Dundee, OR 97115",-,-
32,Ancient Cellars at 12th & Maple Wine Company,1242 SE Maple Street,"Dundee, OR 97115",503-437-4827,(Call 1st for tasting appt - 503-437-4827)
33,Ancient Cellars - Newberg Tasting Room,718 E First Street,"Newberg, OR 97132",971-276-5745,"(Late May - October: Fri-Sun, 11 am - 6 pm; Mon-Thurs, 12 - 5;"
,,,,,November - May:
,,,,,"Thur, 12 - 5 pm; Fri & Sat, 12 - 6 pm; Sun, 12 - 5 pm)"
34,Anderson Family Vineyards,20120 NE Herring Lane,"Newberg, OR",503-554-5541,(By Appointment)
35,Andrew Rich Wines at The Carlton Winemakers Studio and Tasting Room,801 N Scott Street,"Carlton, OR 97111",503-284-6622,"(Daily, 11 ? 5pm)"
36,"Angel Vine at Urban Crush Winery, Tasting Room & Lounge",2025 SE 7th Avenue,"Portland, OR 97214",503-477-6994,"(Thurs - Sat, 12 - 7 pm; Sun, 12 - 5 pm or by appointment)"
37,Angela Estate - Inside Inn at Red Hills,1326 N Hwy 99,"Dundee, OR 97115",503-554-1049,(Open Daily: 10 am - 5 pm or by appointment)
38,Anindor Vineyards,"Wed - Sun, 11 am to 5 pm)",Tasting Room - Downtown,"325 Second Street, Elkton",(June thru Nov:
39,Anindor Vineyards,1171 Vintage Drive,"Elkton, OR",541-584-2637,-
40,Ankeny Vineyards,2565 Riverside Road S.,"Salem, OR 97306",503-378-1498,(Open weekends - Noon - 5PM Memorial Day to Christmas)
41,Anne Amie,6580 N.E. Mineral Springs Road,"Carlton, OR 97111",503-864-2991,(Mar - Dec: Daily 10 am - 4:45 pm; Jan - Feb: Fri - Sun 10 am - 4:45; Mon - Thu by appt)
42,Antica Terra,6120 NE 22nd Avenue,"Portland, OR 97211",503-281-7696,(By appointment)
43,Apolloni Vineyards,14135 NW Timmerman Road,"Forest Grove, OR 97116",503-359-3606,"(Daily thru Thanksgiving Weekend, 11 - 5 pm; Winter Hours: Thusr - Sun, 11 - 5 pm or by apt)"
44,Aramenta Cellars,17979 NE Lewis Rogers Lane,"Newberg, OR",503-538-7230,(Daily - 10:30 a.m. - 5:00 p.m.)
45,ArborBrook Vineyards,17770 NE Calkins Lane,"Newberg, OR 97132",503-538-0959,"(Daily, 11 - 4:30 pm, Private tastings by appointment"
,,,,,Memorial & Thanksgiving Day Weekends)
46,Arcane Cellars / Wheatland Winery,22350 Magness Road NW,"Wheatland (Salem), OR",503-868-7076,(Open 12 - 4 Spring & Summer)
47,Archer Vineyard,32230 NE Old Parrett Mountain Road,Newberg OR 97132,503-702-0537,"(Mar - Nov, Sat - Sun: 11 am - 5 pm; Otherwise by appointment)"
48,Archery Summit Winery,18599 NE Archery Summit Road,"Dayton, OR 97114",503-864-4300,"(10am - 4pm Wed - Sun, Tours at 10:30am and 2:00pm by reservation)"
49,?rd°ri Winery and Vineyards,35040 SW Unger Road,"Cornelius, OR",888-503-3330,(Fri - Sat: 11 am ? 7 pm. Sun: 11am ? 5 pm; Wed - Thur: By appointment.)
50,Argyle Winery,691 Highway 99W,"Dundee, OR 97115",503-538-8520,"(11 am - 5 pm Mon-Thurs; 10 am - 5 pm, Fri-Sun; Closed some major holidays)"
51,ArmonÇa Wines at Wine Country Farm B&B,6855 Breyman Orchard Road,"Dayton, OR",503-864-3446,"(May - Dec, Daily 11 am - 5 pm; Jan - Apr, Sat & Sun 11 - 5)"
52,Artisanal Wine Cellars - Newberg Tasting Room,614 E 1st Street,"Newberg, OR 97132",503-537-2094,"(Summer Hours: Sun - Wed, 12 - 6:00; Thurs - Sat, 12 - 8 pm;"
,,,,,"Winter Hours: Thurs - Sun, 12 - 6 pm,"
,,,,,till 8 pm Fri & Sat)
53,Winery at August Cellars,14000 NE Quarry Road,"Newberg, OR 97132",-,Winemaker's Studio
54,Ascendente Winery,85 NE Estes,"White Salmon, WA 98672",509-281-3005,"(Fri, 3 - 8 pm; Sat & Sun, 12 - 6 pm)"
55,Ashland Vineyards,2775 East Main Street,"Ashland, OR 97520",541-488-0088,"(Tues - Sun, 11 - 5)"
56,Asilda (Carlton Winemakers Studio),801 N Scott Street,"Carlton, OR 97111",503-852-6100,"(Daily, 11 ? 5pm)"
57,Atticus Wine,20501 Russell Creek Road,"Yamhill, OR 97149",503-662-3485,(By Appointment)
58,Atticus Wine at Carlton Cellars,130 W Monroe Street,"Carlton, OR",503-550-6494,"(June - Sept: 1st & 3rd Saturday, 11 am 3 pm)"
59,August Cellars,14000 NE Quarry Road,"Newberg, OR",503-554-6766,"(Home of 7 wineries. Open Fri - Sun year-round; Daily, May - Sept: 11am-5pm)"
60,Aurora Vines,2275 Pioneer Rd.,"Talent, OR 97540",541-535-5287,"(Jun - Sept: Sat & Sun, 12 - 5 pm; Otherwise by appointment)"
61,Ayoub Vineyard,9650 NE Keyes Lane,"Dundee, OR 97115",503-805-2154,(By appointment - 503-805-2154)
62,Ayres Vineyard & Winery,17971 NE Lewis Rogers Lane,"Newberg, OR 97132",503-538-7450,(By Appointment & Holiday Weekends)
63,Bachelder Wine Oregon at The Carlton Winemakers Studio,801 N Scott Street,"Carlton, OR 97111",503-852-6100,"(Daily, 11 ? 5pm)"
64,Barking Frog,128 W Main Street,"Carlton, OR 97111",503-702-5029,(Open Fri - Sun: 1 - 5 pm or by appointment)
65,Barron-Wahl Vineyards,27015 SW Ladd Hill Road,"Sherwood, OR 97140",503-625-7938,(Tasting hours vary; Call ahead - 503-625-7938)
66,Beacon Hill Winery,22070 NE Ridge Road,"Gaston, OR 97119",503-662-5212,"(Thurs - Sun, 11 am - 5 pm)"
67,Bear Creek Winery,6220 Caves Hwy,"Cave Junction, OR 97423",541-592-3727,"(Memorial Day to Labor Day, Daily,12 to 5pm)"
68,Beaton Farm Vineyard & Winery,7400 Williams Highway,"Grants Pass, OR 97527",541-660-8439,(By Appointment: 541-660-8439)
69,Beaux Fräres,15155 NE North Valley Road,"Newberg, OR 97132",503-537-1137,(By appointment Thurs - Mon between 10 am and 4 pm; Call 503-537-1137 to schedule your tasting.)
70,Becker Vineyard,360 Klahowya Lane,"Roseburg, OR 97470",541-677-0288,"(Year round: 11 - 5, weekends & holidays)"
71,Beckham Estate Vineyard,30790 SW Heater Road,"Sherwood, OR 97140",971-645-3466,"(Fri-Sat,11 am - 5 pm; Also by appointment & on Holiday weekends)"
72,Bella Vida Vineyard,9380 NE Worden Hill Road,"Dundee, Oregon",503-538-9821,"(Fri - Sun, 11 - 5 pm & Memorial & Thanksgiving Events) $5 Tasting Fee"
73,"Belle Fiore Winery, Estate & Vineyard",955 Dead Indian Memorial Road,"Ashland, OR 97520",541-552-4900,"(Wed - Sun, 12 - 6 pm)"
74,Belle Pente Vineyards,12470 NE Rowland Road,"Carlton, OR 97111",503-852-9500,(Open twice yearly and by appointment)
75,Belle VallÇe Cellars,804 NW Buchanan Avenue,"Corvallis, OR 97330",541-757-9463,(Urban facility & tasting room: Open by appointment.)
76,Bells Up Winery,27895 NE Bell Road,"Newberg, OR 97132",503-537-1328,(Always Open by Appointment. Also open 3 weekends per year:
,,,,,"Memorial Day, Labor Day & Thanksgiving)"
77,Bennett Vineyards & Wine Company,25974 Hwy 36,"Cheshire, OR 97419",541-998-3336,(Fri - Sun: 12 - 6 pm)
78,Benton Lane Winery,23924 Territorial Highway,"Monroe, OR 97456",541-847-5792,(11:00 am to 4:00 pm daily)
79,Bergstrîm Winery,18405 NE Calkins Lane,"Newberg , OR 97132",503-554-0468,"(Four times daily at 10am, 11:30am, 2pm and 3:30pm. Reservations required."
,,,,,Tasting fee - $25 per person)
80,Bethel Heights Vineyard,6060 Bethel Heights Road NW,"Salem, OR 97304",503-581-2262,(Hours: 11 - 5 pm; June - Aug: Tues - Sun; Sept - Nov - Sat & Sun;
,,,,,"Mar - May: Sat & Sun, Closed"
,,,,,"Easter Sun; Closed Dec - Feb,"
,,,,,except by appt)
81,Big Table Farm,26851 NW Williams Canyon Road,"Gaston, OR 97119",503-662-3129,(Open Memorial Day & Thanksgiving weekends. Also by appointment)
82,Biggio Hamina Cellars,"1722 SW Highway 18, Suite C","McMinnville, OR 97128",503-737-9703,(Open by appointment)
83,Bjornson Vineyard,3635 Bethel Heights Road NW,"Salem, OR 97304",503-877-8189,"(May - Oct: Thurs - Mon, 11 am - 5 pm; Tastings by appt during off season.)"
84,Blakeslee Vineyard Estate Winery & Vineyard,20875 SW Chapman Road,"Sherwood, OR 97140",503-625-6902,(Daily: 11 am - 5 pm)
85,Blizzard Wines,29495 SW Burkhalter Road,"Hillsboro, OR 97123",503-985-6386,"(Fri - Sun, 11 am - 5 pm; Or by appointment)"
86,BlueBird Hill Cellars,25059 Larson Road,"Monroe, OR 97456",541-424-2478,"(Fri, 3 - 7 pm; Sat & Sun, 12 - 5 pm)"
87,Blue Dog Mead,254 Lincoln Street,"Eugene, OR 97401",541-506-1560,"(Thur & Fri, 2:00 - 7:00 pm or by appointment)"
88,Boedecker Cellars,2621 NW 30th Avenue,"Portland, OR 97210",503-288-7752,"(Sat & Sun, 1 pm - 6 pm)"
89,Bow and Arrow at The Bindery,"3115 SE Sandy Blvd, Suite 1","Portland, OR 97232",-,(Open for Special Events only)
90,Bradley Vineyards,1000 Azalea Drive,"Elkton, OR 98436",541-584-2464,"(June thru Nov: Wed - Sun, 11 am to 5 pm - Otherwise by appointment)"
91,Brandborg Winery,345 First Street,"Elkton, OR",541-584-2870,"(Daily, 11 - 5)"
92,Bravuro Cellars,108 S College Street,"Newberg, OR 97132",503-822-5116,(Daily: Noon - 6 pm)
93,Brick House Wine Company,18200 Lewis Rogers Lane,"Newberg, OR 97132",503-538-5136,(By appointment during growing season - Thurs - Sat)
94,Bridgeview Vineyards Winery & Tasting Room,4210 Holland Loop Road,"Cave Junction, OR 97523",877-273-4843 (toll free),"(Daily, 11 - 5pm, Year Round)"
95,Bridgeview Vineyards,16995 N. Applegate Road,"Grants Pass, OR 97527",541-846-1039,"(Memorial Day - Thanksgiving: Daily, 11 - 5 pm)"
96,Brigadoon Vineyards,25166 Ferguson Road,"Junction City, OR 97448",541-998-8708,"(Apr thru Dec: Wed thru Sun, 12 - 5 pm; or by appointment)"
97,Briggs Hill Vineyards,27127 Briggs Hill Road,Eugene OR 97405,541-341-3974,(Open by Appointment)
98,Brittan Vineyards & Winery,"829 NE 5th Street, Ste 700","McMinnville, OR 97128",971-241-8228,"(Apr - Nov: Thurs - Mon, 11 am - 5 pm; Dec - Mar: Thurs - Mon, 12 - 4 pm;"
,,,,,Tues & Wed by appointment)
99,Broadley Vineyards,"265 South Fifth, Box 160,","Monroe, OR 97456",541-847-5934,(Open by Appointment)
100,Brooks Wines,21101 SE Cherry Blossom Lane,"Amity, OR 97101",503-435-1278,(Daily: 11 am - 5 pm)
101,Bryn Mawr Vineyards,5955 Bethel Heights Road NW,Salem OR,503-581-4286,(Tues - Sun: 11 - 5; Winter: Sat & Sun only)
102,Buddha Kat Winery,17020 Ruben Lane,"Sandy, OR 97055",503-668-3124,"(Fri & Sat, 12 - 5 pm; Thurs & Sun, 12 - 4 pm; or by appt - 503-668-3124)"
103,Buddha Kat,37 N Edgewood Street,"Seaside, OR 97138",503-739-7023,"(Sun - Thurs, 12 - 6 pm; Fri & Sat, 12 - 8 pm)"
104,Cabernet Creek Farms,4730 London Drive,"Parkdale, OR 97041",541-308-6220,(By appointment only - 541-307-6220)
105,Calamity Hill Vineyard and Farm (Olive grower),Or by arrangement - natch4@gmail.com),9779 SE Hillview Drive,"Amity, OR 97101","(Memorial Weekend, Sat & Sun 11-5; Labor Day Weekend, Sat & Sun 11-5;"
106,Calcagno Cellars,336 E Historic Columbia River Hwy,"Troutdale, OR 97060",503-618-8466,"(Thurs & Fri, 3 - 7 pm; Sat, 1 - 7 pm)"
107,Camas Close Winery,2480 S Church Road,"Dallas, OR 97338",503-623-9119,NA
108,Cameron Winery,PO Box 27,"Dundee, OR 97115",503-538-0336,(By appointment only)
109,Cana's Feast Cellars,750 Lincoln Street,"Carlton, OR 97111",503-852-0002,"(Daily, 11-5)"
110,Cancilla Cellars,9179 SW Lee Road,"Gaston, OR 97119",503-985-7327,NA
111,Capitello Wines,540 Charnelton Street,"Eugene, OR 97402",541-520-3092,(Wed - Sat: 12 - 8 pm)
112,Caprice Vineyards,970 Old Stage Road,"Jacksonville, OR",541-499-0449,"(Mar - Dec: Thurs - Mon, 12 - 5 pm; Jan - Feb: Sat & Sun, 12 - 5 pm)"
113,Carabella Vineyard,16707 SW Edminston Rd.,"Wilsonville, OR",503-925-0972,(Open for seated tastings & vineyard tours only. May - Mid-Oct by appointment 503-925-0972)
114,Cardwell Hill Cellars,24241 Cardwell Hill Drive,"Philomath, OR 97370",541-929?WINE (9463),(Early May - Thanksgiving weekend: Open Daily - Noon to 5:30 pm
,,,,,Tours year-round and off-season
,,,,,tasting by appt.)
115,Carlo & Julian Vineyards & Winery,1000 E Main Street,"Carlton, OR",503-852-7432,(By appointment)
116,Carlovanna Vineyards,P.O. Box 866,"Mt. Angel, OR 97362",503-779-7584,(Not open to public)
117,Carlton Cellars,130 Monroe Street,"Carlton, OR 97111",503-852-7888,"(Winter hrs, through Apr, Sat?Sun 11?5; Summer hrs,"
,,,,,"beginning May, Wed?Sun 11?5)"
118,Carlton Hill Wine Company,11511 NW Cummins Road,"Carlton, OR 97111",503-852-7060,(Open for events a few times a year)
119,Carlton Winemakers Studio and Tasting Room,801 N. Scott Street,"Carlton, OR 97111",503-852-6100,"(Daily, 11 - 5)"
120,Carpenter Hill Vineyards,928 Carpenter Hill Road,"Medford, OR 97501",541-535-2387,(By Appointment)
121,Carter Vineyard,1930 NW Irving Street #505,"Portland, OR 97209",503-827-4086,(Not open to public)
122,Cascade Cliffs - Hood River Tasting Room,211 Oak Street,"Hood River, OR",541-436-4215,(Daily: 12 - 7 pm)
123,Castillo de Feliciana - Walla Walla Valley Oregon,85728 Telephone Pole Road,"Milton-Freewater, OR 97862",541-558-3656,"(Fri, Sat & Sun: 11 am - 5 pm)"
124,Castillo de Feliciana - Woodinville Tasting Room,15114 148th Avenue,"Woodinville, WA 98072",425-949-5088,(Fri - Sun: 11 am - 6 pm or By appointment call 206-355-2715)
125,Cathedral Ridge Winery,4200 Post Canyon Drive,"Hood River, OR 97031",541-386-2882,Open Daily Year Round: Apr - Oct: 11:00 am to 6:00 pm
,,,,,Nov - Mar: 11:00 am to 5:00 pm
126,Cathedral Ridge Winery - Dundee Tasting Room,976 N HWY 99W,"Dundee, OR 97115",503-537-9977,Open Daily Year Round: Apr - Oct: 11:00 am to 6:00 pm
,,,,,Nov - Mar: 11:00 am to 5:00 pm
127,The Cellars at Southern Oregon Wine Institute,1140 Umpqua College Road,"Roseburg, OR 97470",541-440-4629,"(Tasting Room Hours: Fri, 1 pm - 7 pm; Sat, 12 - 5 pm; Sun, 12 - 5 pm)"
128,Cerulean Winery,304 Oak Street,"Hood River, OR 97031",503-308-9137,"(Thurs - Sun, 12 - 6 pm)"
129,Champoeg Wine Cellars,10375 Champoeg Road NE,"Aurora, OR 97002",503-678-2144,"(Wed - Sun, 11 am - 5 pm)"
130,Chapter 24 Vineyards - Alit Wines,531 OR-99 W,"Dundee, OR 97132",503-487-6341,(Thurs - Mon: 11 am - 5 pm)
131,Chateau Bianca Winery,17485 Highway 22,"Dallas, OR 97338",503-623-6181,(Summer hours: 10 - 6 pm Daily; Winter hours: 11 - 5 pm Daily;
,,,,,"Closed January, Christmas &"
,,,,,New Year's Day)
132,Chateau Lorane,27415 Siuslaw River Road,"Lorane, OR 97451",541-942-8028,(Daily 12 to 5 pm; Other times by appointment)
133,Chateau Nonchalant Vineyards,1329 Larson Road,"Roseburg, OR",541-679-2394,(By Appointment)
134,Chehalem Winery,31190 NE Veritas Lane,"Newberg, OR",503-537-5553,(Winery by appointment)
135,Chehalem Tasting Room,106 South Center Street,"Newberg, OR",503-538-4700,"(Open Daily: Sun - Wed, 11 am - 5 pm; Thurs - Sat, 11 am - 8 pm)"
136,Cherry Hill Winery,7838 Crowley Road,"Rickreall, OR",503-623-7867,"(Weekdays 11 - 4, please call first; Weekends 11 - 5, May through Sept"
,,,,,"Also Labor Day, Thanksgiving and"
,,,,,Memorial Day Weekends)
137,Christopher Bridge Cellars,12770 S Casto Road,"Oregon City, OR 97045",503-263-6267,"(Fri, 2 - 5 pm; Sat & Sun, 12 - 5 pm)"
138,"Cinzia at Urban Crush Winery, Tasting Room & Lounge",2025 SE 7th Avenue,"Portland, OR 97214",503-477-6994,"(Thurs - Sat, 12 - 7 pm; Sun, 12 - 5 pm or by appointment)"
139,Clay Pigeon Winery and Cyril's Restaurant,815 SE Oak Street,"Portland, OR 97214",503-206-8117,"(Mon, 11:30 am - 4 pm; Tue - Thurs, 11:30 am - 9 pm; Fri, 11:30 am - 10 pm; Sat, 4 - 10 pm; Closed Sun)"
140,Clear Creek Distillery,2389 NW Wilson,"Portland, OR. 97210",503-248-9470,( Weekdays 8 am - 5 pm)
141,Cliff Creek Cellars / Sams Valley Vineyard,1015 McDonough Road,"Gold Hill, OR 97525",541-855-5330,"(Vineyard Tasting Room: Thurs - Mon, 12 - 5 pm)"
142,Cliff Creek,214 E First Street,"Newberg, OR 97132",503-487-6692,"(Thurs - Mon, 12 - 5 pm)"
143,Coelho Winery,111 5th Street,"Amity, OR 97101",503-835-9305,(Daily 11 - 5 pm)
144,Coeur de Terre Vineyard,21000 SW Eagle Point Road,"McMinnville, OR 97128",503-472-3976,"(Thurs - Mon, 11-5; or by appointment)"
145,Coleman Vineyard,22734 SW Latham Road,"McMinnville, OR",503-843-2707,(Fri - Sun: 11 am - 5 pm)
146,Colene Clemens Vineyards,22501 NE Dopp Road,"Newberg, OR 97132",503-662-4687,(Wed - Sun: 11 am to 5 pm)
147,Cooper Mountain Vineyards,9480 SW Grabhorn Road,"Beaverton, OR 97007",503-649-0027,"(Daily, Noon - 5 pm; Tours by Appointment)"
148,Cooper Ridge Vineyards,1389 Old Garden Valley Road,"Roseburg, OR 97471",541-420-6650,"(Thurs - Sun, 12 - 7 pm)"
149,Coopers Hall - Urban Winery & Taproom,404 SE 6th Street,"Portland, OR 97214",503-719-7000,(Mon - Thurs: 4 - 10 pm; Fri & Sat: 4 pm - 12 am)
150,Copper Belt,1937 Main Street,"Baker City, OR 97814",541-519-4695,"(Wed - Sat, 1 - 7 pm; Sun, 2 - 6 pm; Mon & Tues, By appointment - 541-519-4695)"
151,C¢ria Estates,8252 Redstone Avenue SE,"Salem, OR 97306",503-363-0525,"(Tues - Sun, 12 - 6 pm)"
152,Cottonwood Winery,12600 Jerusalem Hill Road NW,"Salem, OR 97304",503-572-9869,(Mon - Sun: Noon - 5 pm)
153,Cottonwood Winery of Oregon,510 S Trade Street,"Amity, OR 97101",503-860-9194,"(Fri, Sat, Sun: 12 - 6 pm)"
154,Cowhorn Vineyard & Garden,1665 Eastside Road,"Jacksonville, OR",541-899-6876,(Tuesday ? Sunday 11 am to 4 pm)
155,Crater Lake Cellars,21882 Hwy 62 Bldg B,"Shady Cove, OR 97539",541-878-4200,(Tues - Sun: 1 pm - 6 pm)
156,Cricket Hill Vineyard & Winery,2131 Little Applegate Road,"Jacksonville, OR 97530",541-899-7264,(Please call first)
157,Cristom Vineyards,6905 Spring Valley Rd. NW,"Salem, OR 97304",503-375-3068,"(Tues - Sun, 11 am - 5 pm; Closed Major Holidays)"
158,Croft Bailey Vineyards,1301 N. Hwy 99W #144,"McMinnville, OR 97128",503-881-8300,NA
159,Cronos,PO Box 1223,"McMinnville, OR 97128",503-472-2727 & 888-657-8668,NA
160,Crowley Wines,14000 NE Quarry Road,"Newberg, OR",503-804-5064,(at August Cellars - By appointment)
161,Cubanisimo Vineyard,1754 Best Road NW,"Salem, OR 97304",503-588-1763,(Apr 1st to Dec 20th open Daily 11 am ? 5 pm:
,,,,,Dec 21 - Mar 31 by appt)
162,Daedalus Cellars,990 Hwy 99W,"Dundee, OR 97115",503-538-4400,"(Behind Cathedral Ridge Tasting Room) - (Wed - Sun, 11 - 5)"
163,Daisy Creek Vineyard,675 Shafer Lane,"Jacksonville, OR 97530",541-899-8329,(By Appointment)
164,Dana Campbell Vineyards,1320 N Mountain Avenue,"Ashland, OR 97520",541-482-3798,"(Thurs - Sun, 12 - 5 pm)"
165,Dancin Vineyards,4477 South Stage Road,"Medford, OR",541-245-1133,"(May - Sept: Wed - Sun, 12 - 8 pm; Oct - Apr: Thurs - Sun, 12 - 7 pm)"
166,D'Anu Wines,173 NE 3rd Avenue,"Hillsboro, OR 97124",503-746-4773,"(Winter: Wed & Thurs, 1 - 8 pm; Fri & Sat, 1 - 9 pm; Call for Summer Hours - 503-746-4773)"
167,David Hamilton Winery,150 N Mountain Blvd,"Mt Vernon, OR 97865",541-932-4567,"(Fri - Sun, Noon - 5 year round)"
168,David Hill Vineyards,46350 NW David Hill Road,"Forest Grove, OR 97116",503-992-8545,"(Open Daily, 11 - 5 pm; Excluding: Easter, Thanksgiving Day, Christmas Eve & Day,"
,,,,,New Year's Day. Close at 3 pm New Year's Eve)
169,Day Wines,21080 N Hwy 99W,"Dundee, OR 97115",971-832-8196,"(Winter: Fri - Sun, 11 am - 4 pm; In Season: Thurs - Sun, 10 am - 5 pm;"
,,,,,Otherwise by appt. Call for current hours.)
170,Deer Creek Vineyards,2680 Deer Creek Road,"Selma, OR 97538",541-597-4226,(Daily: 11 am - 5 pm)
171,de Lancellotti Family Vineyards,18405 NE Calkins Lane,"Newberg, OR 97132",503-554-6802,(By Appointment)
172,Delfino Vineyards,3829 Colonial Road,"Roseburg, OR 97471",541-673-7575,(Open daily May thru Nov: 11 ? 5 pm)
173,Del Rio Vineyards,52 North River Road,"Gold Hill, OR",541-855-2062,(June - Aug: Daily - 11 am to 6 pm; Sept - May: Daily - 11 to 5)
174,Depoe Bay Wine Company,-,"Depoe Bay, OR",541-765-3311,NA
175,De Ponte Cellars,17545 Archery Summit Road,"Dayton, OR 97114",503-864-3698,(Open Daily: 11 - 5)
176,Devitt Winery,11412 Hwy 238,"Jacksonville, OR 97530",541-899-7511,"(Memorial Day through Labor Day Daily: ""After lunch"" to 5 pm)"
177,Dimmick Cellars,7401 SW Corbett Ave.,"Portland, OR 97219",503-246-0659,(Call for Appointment)
178,Dion Vineyard,33155 SW Riedweg Road,"Cornelius, OR 97113",503-407-8598,"(Fri - Sun, April thru Nov, 11 am - 4 pm, or by appointment, 971-901-9463)"
179,Division Winemaking Company At Southeast Wine Collective & Wine Bar,2425 SE 35th Place,"Portland, OR 97215",503-477-5511,(Call for seasonal hours)
180,Dobbes Family Estate,240 SE 5th Street,"Dundee , Oregon 97115",503-538-7100,"(Mon - Sun, 11 am to 6 pm)"
181,Domaine Coteau,258 N Kutch Street,"Carlton, OR 97111",503-697-7319,(Open by appointment - 503-697-7319)
182,Domaine Divio,16435 NE Lewis Rogers Lane,"Newberg, OR 97132",503-334-0903,"(Daily, 11 am - 5 pm)"
183,Domaine Drouhin Oregon,6750 Breyman Orchards Road,"Dayton, OR 97114",503-864-2700,"(Wed - Sun, 11 - 4)"
184,Domaine Roy,8351 NE Worden Hill Road,"Dundee, OR 97115",503-687-2600,(Opening Fall of 2015)
185,Domaine Serene Winery,6555 NE Hilltop Lane,"Dayton, Oregon 97114",503-864-4600,(Daily: 11 - 4)
186,Domaine TrouvÇre,115 Southwest Seventh,"Downtown Dundee, OR",503-487-6370,"(Wed - Sunday, 12 pm to 5 pm, except for major holidays)"
187,Dominio IV Winery,11570 NE Intervale Road,"Carlton, OR 97111",503-474-8636,"(Fri - Sun, 12 - 5 pm; Otherwise by appt - 503-474-8636)"
188,Don Carlo Vineyard,83872 Don Carlo Way,"Milton-Freewater, OR 97862",OR: 509-540-5784,(By Appointment Only. May 1 - Oct 1)
189,Dos Estevan Wines,123 W Main Street,"Carlton, OR",503-936-6885,No Info
190,Duck Pond Cellars,23145 Hwy 99W,"Dundee, OR 97115",503-538-3199,(10am to 5pm Daily - May to Sept. 11am to 5pm Oct. to Apr)
191,Dukes Family Vineyards (Carlton Winemakers Studio),801 N Scott Street,"Carlton, OR 97111",503-835-0620,"(Daily, 11 ? 5pm)"
192,Durant Vineyards at Red Ridge Farms,5420 Breyman Orchards Road,"Dayton, OR 97114",503-864-8502,(Fri-Sun 11-5 & Memorial & Thanksgiving)
193,Dusky Goose,P.O. Box 40,"Dundee, OR 97115",wine@duskygoose.com,(No tasting facilities)
194,Echo Ridge Cellars,551 N Thielson Street,"Echo, OR 97826",541-376-8100,"(Thurs & Fri, 2 - 6 pm; Sat, 12 - 6 pm)"
195,EdenVale Estate at Rogue Valley Wine Center,2310 Voorhies Road,"Medford , OR 97501",541-512-2955,"(Tue thru Sat, 10-5 - Sun, Noon-4)"
196,EdenVale at Enoteca,17 N Main Street,"Ashland, OR",541-482-3377,"(Tues - Sat, 11 am to 8 pm)"
197,Edgefield Winery,2126 SW Halsey Street,"Troutdale, OR 97060",503-665-2992,(Daily - Noon to 10 pm)
198,EIEIO & Company,No Info,No Info,503-852-6733,"(By appointment on weekends, 12 - 5)"
199,êlevÇe (at Carlton Winemakers Studio),801 N Scott Street,"Carlton, OR 97111",503-852-6100,"(Daily, 11 am - 5 pm)"
200,Elizabeth Chambers Cellars,455 NE Irvine Street,"McMinnville, OR 97128",503-857-0781,(Open Daily: 12 - 5 pm)
201,Elk Cove Vineyards,27751 NW Olson Road,"Gaston, OR 97119",503-985-7760,(10 - 5 pm daily)
202,Elkhorn Ridge Vineyards & Winery,Brateng Rd,"Monmouth, OR",208 720 3062,No Info
203,ElvenGlade Winery,3500 Bridgefarmer Road,"Gaston, OR 97119",503-662-9960,(Call ahead for a visit.)
204,Emerson Vineyards,11665 Airlie Road,"Monmouth, OR 97361",503-838-0944,"(Saturdays Noon - 5, Memorial Day through Christmas"
,,,,,or by appointment)
205,Eminent Domaine,20875 NE Ribbon Ridge Road,"Newberg, OR 97132",503-855-4505,(Not open to public at this time)
206,Enso Winery and Tasting Lounge,1416 SE Stark Street,"Portland, OR 97214",503-683-3676,"(Mon - Thurs, 4 - 10 pm; Fri, 4 - 11 pm; Sat, 1 - 11 pm; Sun, 1 - 10 pm)"
207,Eola Hills Wine Cellars,501 South Pacific Highway 99W,"Rickreall, OR 97371",503-623-2405,(Daily 11am to 5pm)
208,Eola Hills Wine Cellars - Legacy Estate Vineyard,1600 Oak Grove Road,"Salem, OR 97304",503-623-2405,(Open Daily: 12 - 6 pm)
209,Erath Winery,9409 NE Worden Hill Road,"Dundee, OR 97115",800-539-9463,(11-5 daily. Closed on major holidays)
210,Et Fille Wines,718 East 1st Street,"Newberg, OR",503-538-2900,"(Wed - Sun, 12 - 6 pm; Private seated tastings by appt)"
211,Eugene Wine Cellars,255 Madison Street,"Eugene, OR 97402",541-342-2600,(Wed - Sat: 4 - 8 pm or by appointment)
212,Eugene Wine Cellars,2794 Shadow View Drive,"Eugene, OR",541-505-8909,(Daily: Noon to about 11 pm)
213,Evening Land Vineyards,"1326 N Hwy 99, Suite 100","Dundee, OR 97115",503-538-4110,(Open Daily: 10 am - 5 pm)
214,Evensong Winery,981 Old Garden Valley Road,"Roseburg, OR",541-530-3551,(Open by Appointment)
215,Evesham Wood Winery,3795 Wallace Road NW,"Salem, OR 97304",503-371-8478,(By appointment only)
216,The Eyrie Vineyards Winery,935 NE 10th,"McMinnville, OR 97128",503-472-6315,(Daily 12 - 5 pm)
217,"Faith, Hope and Charity Vineyards",70450 NW Lower Valley Drive,"Terrebonne, OR 97760",541-526-5075,"(Open Daily 12 - 5 pm, except during private events. Call first)"
218,Fairsing Vineyard,21455 NE Burkett Hill Road,Yamhill OR 97148,503-560-8266,(Daily 11 am - 5 pm)
219,Falk Estate,361 Bramblewood Lane,"Canyonville, OR 97417",541-580-9951,(Closed until further notice)
220,Fausse Piste,"537 SE Ash Street, #102","Portland, OR 97214",971-258-5829,(By appointment any time)
221,Ferraro Family Vineyards,272 Capital Lane,"Roseburg, OR 97471",541-784-7275,"(Sat & Sun, 12 - 5 pm)"
222,Ferraro Cellar at Medici Vineyards Tasting Room,1505 Portland Road,"Newberg, OR 97132",503-538-2427,Open Thurs - Tues: 11 am - 6 pm)
223,Fiasco Winery,8035 Highway 238,"Jacksonville, OR 97530",541-846-3022,"(Daily,11am - 5pm; Closed Tuesday)"
224,Finnigan Hill Vineyard,18548 SW Finnigan Hill Road,"Hillsboro, OR 97123",503-628-3085,(By appointment - 503-628-3085)
225,Firesteed Winery,2200 N. Pacific Hwy (99W),"Rickreall, OR 97371",503-623-8683,"(Daily, 11 - 5 pm)"
226,FlÉneur Wines,258A North Kutch Street,"Carlton, OR 97111",503-899-4120,(By appointment only - 503-899-4120)
227,Fly High Vineyard,7386 Hwy 238 PMB 132,"Jacksonville, OR 97530",541-707-2442,(By Appointment)
228,Flying Dutchman Winery,915 First Street,"Otter Rock, OR 97369",541-765-2060,(June - Sept: 11 am to 6 pm; rest of the year 11 am to 5 pm;
,,,,,closed Christmas)
229,Folin Cellars,9200 Ramsey Road,"Gold Hill, OR 97525",541-855-1838,"(June - Sept: Daily, 12 - 5 pm; Other months: Fri - Sun, 12 - 5 pm)"
230,Foon Estate Vineyard,340 Busenbark Lane,"Roseburg, OR",541-817-7768,(By Appointment: 541-817-7768)
231,Foris Vineyards Winery,654 Kendall Road,"Cave Junction, OR 97523",541-592-3752,"(Daily, 11 - 5pm, except some major holidays)"
232,Forest Edge Vineyard,15640 S Spangler Road,"Oregon City, OR",503-632-9463,"(Memorial Day Weekend to Thanksgiving Weekend: Sat & Sun, 12 - 5:00 pm;"
,,,,,"Dec - May, Sun 12 - 5 pm)"
233,The Four Graces,9605 NE Fox Farm Road,"Dundee, OR 97115",503-554-8000,(Daily 10 - 5 pm)
234,Fox Farm Vineyards,575 Oregon 99W,"Dundee, OR 97132",503-538-8466,(Daily: 11 am - 7 pm)
235,Francis Tannahill Winery - Tastings at Rex Hill Vineyards,30835 N Hwy 99 W,"Newberg, OR 97132",503-554-1918,(Daily: 10 am - 5 pm)
236,Freed Estate Vineyards,430 Hooten Road,"Winston, OR 97496",541-236-4993,"(Wed - Sun, 11 am - 5 pm; or by appointment)"
237,Freja Cellars,16691 SW McFee Place,"Hillsboro, OR 97123",503-628-0337,(By appointment)
238,Fullerton Wines - Tasting Room on Pettygrove,1966 NW Pettygrove Street,"Portland, OR 97209",503-544-1378,(Fri - Sun: 12 - 7 pm)
239,Furioso Vineyards,8415 NE Worden Hill Road,"Dundee, OR 97115",844-FURIOSO,"(Thurs - Mon, 11 am - 5 pm)"
240,Garden Vineyards,12960 Northwest Dick Road,"Hillsboro, OR 97124",503-547-9046,(May 1 ? October 31: Sun - Wednesday. Noon ? 5 pm. Thursday ? Saturday
,,,,,Noon ? 10 pm. November 1 - May 1:
,,,,,By appointment and special events)
241,Garnier Vineyards at Mayerdale,8467 Highway 30 West,"Mosier, OR 97040",541-478-2200,(Weekends - Noon to 6:00 pm)
242,Gersing Cellars,2425 SE 35th Place,"Portland, OR 97214",503-208-2061,(Call for seasonal hours)
243,Ghost Hill Cellars,12220 NW Bayliss Road,"Carlton, OR 97111",503-852-7347 or Mike's cell at 503-550-0104,"(Weekends, Memorial Day - Labor Day, 11 am - 5 pm; Special Event Weekends"
,,,,,or by appt with 24 hrs notice)
244,Gilstrap Brothers Vineyard & Winery,69789 Antles Lane,"Cove, Oregon 97824",541-568-4646,(Anytime - Please call first)
245,Girardet Wine Cellars,895 Reston Road,"Winston, OR 97470",541-679-7252,"(Daily, 11 - 5)"
246,Glaser Estate Winery,213 Independence Lane,"Roseburg, OR",503-936-2164,"(Sat & Sun, 11 am - 5 pm)"
247,The Gorge White House,2265 Highway 35,"Hood River, OR 97031",541-386-2828,"(Columbia Gorge wines and beers tasting; Apr & May: 10-6 pm Fri-Mon,"
,,,,,by appt Tu-Th; June - Sept: 10-6 pm
,,,,,"DAILY; Oct: 10-6 pm Fri-Mon,"
,,,,,by appt Tu-Th)
248,Grand Cru Estates,17100 NE Woodland Loop Road,"Yamhill, OR 97148",503-662-4730,(Daily 12 pm - 4:30 pm by appt)
249,Gran Moraine,17090 NE Woodland Loop Road,"Yamhill, OR 97148",855-831-6631,"(By appointment: 11 am, 1 pm OR 3 pm)"
250,Granville Wines,P.O. Box 566,"Dundee, OR 97115",503-538-4161,9305 Red Hills Road
251,Gresser Vineyard,37245 SW Nature Drive,"Cornelius, OR 97113",503-679-3497,(Holidays or by appointment and special events)
252,Griffin Creek,2310 Voorhies Road,"Medford, OR",541-512-2955,Eden Valley Orchards - Tasting Room
253,Grizzly Peak Winery,1600 E Nevada Street,"Ashland, OR",541-482-5700,"(May - Oct: Thur - Sun, 12 - 4 pm; Nov - Apr: Sat & Sun, 12 - 4 pm)"
254,Grochau Cellars,9360 SE Eola Hills Road,"Amity, OR 97101",503-835-0208,"(Fri - Sun, 1 pm - 5 pm)"
255,Gypsy Dancer,143 Main Street,"Carlton, OR 97111",503-969-7199,(Thurs - Sun: 3 - 8 pm)
256,Hamacher Wines at The Carlton Winemakers Studio,801 N Scott Street,"Carlton, OR 97111",503-852-6100,"(Daily, 11 ? 5pm)"
257,Hanson Vineyards,34948 S. Barlow Road,"Woodburn, OR 97071",971-338-9760,(Weekends Mar - Nov: 12 - 5 pm; Dec - Feb: by appointment)
258,Harris Bridge Vineyard,22937 Harris Road,"Philomath, OR 97370",541-929-3053,"(June - Oct: Sat & Sun, Noon - 6pm & Memorial Day & Thanksgiving"
,,,,,Weekends)
259,Hauer of the Dauen,16425 SE Webfoot Road,"Dayton, OR 97114",503-868-7359,(12 - 5 Sat - Sun; or by appointment)
260,Hawkins Cellars,990 Hwy 99W,"Dundee, OR 97115",503-554-9885,"(Thurs, Noon - 8 pm; Fri - Sun, 11 am - 5 pm; Hours"
,,,,,change seasonally. Call ahead.)
261,Hawks View Cellars,20210 SW Conzelmann Rd,"Sherwood, OR 97140",503-625-1591,"(Sat - Sun, 11 am - 5 pm; Weekdays by appointment.)"
262,Hazelfern Cellars,4008 NE Zimri Drive,"Newberg, OR 97132",503-928-1893,(By appointment Fri - Sun - 503-928-1893)
263,Heart Catcher,From the grapes of Volcano Ridge,Vineyard near The Dalles,509-592-0756,(No public tasting room)
264,Helioterra Wines,-,(Tasting by appt only at Bjornson Vineyard),503-757-5881,-
265,Helvetia Vineyards,22485 NW Yungen Road,"Hillsboro, OR 97124",503-647-5169,(Fri - Sun: Noon ? 5 pm. Holidays & Special Events. And by apt)
266,Henry Estate Winery,687 Hubbard Creek Road,"Umpqua, OR 97486",541-459-5120,"(Daily, 11 - 5, except major holidays)"
267,Heymann Whinery,212 N Tower Avenue,"Centralia, WA 98531",360-623-1106,"(Mon - Fri, 11?5:30, Sat, 10?6, Sun, 11?4."
,,,,,Call 1st for current hours.)
268,High Pass Winery,24757 Lavell Road,"Junction City, OR 97448",541-998-1447,(Fri: 12 - 8 pm; Sat & Sun: 12 - 5 pm)
269,Hillcrest Vineyard,240 Vineyard Lane,"Roseburg, OR 97470",541-673-3709,"(March thru Dec: Daily, 11 - 5)"
270,Hinman Vineyards/Silvan Ridge,27012 Briggs Hill Road,"Eugene, OR 97405",541-345-1945,"(Daily, Noon - 5pm)"
271,Hip Chicks Do Wine,4510 SE 23rd Ave.,"Portland, OR 97202",503-234-3790,"(Daily, 11 - 6)"
272,Hiyu Wine Farm,3890 Acree Drive,"Hood River, OR",541-436-4680,"(Fri - Sun, 11 am - 5 pm)"
273,Holloran Vineyard Wines,2636 SW Shaeffer Rd.,"West Linn, OR 97321",503-638-3676,(By appointment)
274,Honeywood Winery,1350 Hines Street SE,"Salem, OR 97302",503-362-4111,"(9 - 5 pm, Mon - Fri; 10 - 5pm, Sat; 1 - 5 pm Sun)"
275,Hood Crest Winery,1908 Orchard Road,"Hood River, OR 97031",541-386-4841,"(Wed - Sun, 11 am - 6 pm through Thanksgiving; Fri - Sun, 11 am - 6 pm through Christmas;"
,,,,,Closed Christmas to Valentine's weekend)
276,Hood River Vineyards & Winery,4693 Westwood Drive,"Hood River, OR 97031",541-386-3772,(Daily - 11 am - 5 pm)
277,Houston Vineyards,86187 Hoya Lane,"Eugene, OR 97405-8633",541-747-4681,(call ahead to arrange for a wine tasting)
278,HV Cellars,304 NW Main Street,"Winston, OR 97496",541-294-8577,"(Thurs - Sun, 11 am - 5 pm)"
279,Hyland Estates,20980 NE Niederberger Road,"Dundee, OR",503-554-4200,(Daily 11 - 5 pm)
280,Idylwood Wines,11517 SE Hwy 212,"Clackamas, OR 98015",503-657-6055,(Open by appointment)
281,Illahe Vineyards,3275 Ballard Road,"Dallas, OR",503-831-1248,(By appointment - 503-831-1248)
282,Iota Cellars,7895 SE Amity Road,"Amity, OR 97101",503-507-8063,(Occasionally By Appointment)
283,Iris Vineyards Tasting Room,82110 Territorial Highway,"Eugene, OR 97405",541-242-6588,"(Thurs, 12 - 5 pm; Fri - Sun, 12 - 6 pm)"
284,Ironbird Vineyard,1455 Kubli Rd.,"Grants Pass, OR 97527",503-231-5094,-
285,Irvine & Roberts Vineyards,1614 Emigrant Creek Road,"Ashland, OR 97520",541-482-9383,"(Summer Hours: Open Daily: 11 am - 6 pm; Winter Hours: Wed - Sun, 12 - 6 pm)"
286,J Albin Winery,19495 Vista Hill,"Hillsboro, OR 97123",503-628-2986,(Open by appointment)
287,J.A. Vineyards,for special events),19495 Vista Hill Drive,"Hillsboro, OR 97123",(By Appointment only and
288,J Christopher Wines,2636 SW Schaeffer Road,"West Linn, OR",503-231-5094,(Open by appointment - 503-554-9572)
289,J Daan Wine Cellars,13301 NE Kuehne Rd,"Portland, OR 97218",503-807-4435,(By Appointment at Laurel Ridge Winery)
290,J.L. Kiff Vineyard,13546 NW Willis Road,"McMinnville, OR 97128",971-237-6745,"(Feb & Apr - Oct: Sat & Sun, 12 - 5 pm; By appt all year - call 971-237-6745)"
291,J. Scott Cellars,520 Commercial Street,"Eugene, OR 97402",541-357-5279,"(Fri, 4 pm - 9 pm; Sat, 1 - 9 pm)"
292,J Scott Cellars,560 Commercial Street,"Eugene, OR",541-514-5497,(Fri & Sat evenings)
293,J K Carriere,9995 NE Parrett Mtn Road,"Newberg, OR 97132",503-554-0721,"(Mar - Dec: Fri - Sat, 11 - 4 pm; Otherwise by appointment)"
294,J Wrigley Vineyard,19390 SW Cherry Hill Road,"Sheridan, OR 97378",503-857-8287,"(April - November: Thur - Mon, 11 to 5 pm)"
295,Jacksonville Vineyards,9730 Hwy 238,"Jacksonville, OR",541-899-6923,(Call Ahead - 541-899-6923)
296,James Rahn Wine Company At Southeast Wine Collective & Wine Bar,2425 SE 35th Place,"Portland, OR 97215",773-517-4008,(Call for seasonal hours)
297,Jan-Marc Wine Cellars,1225 N Killingsworth Street,"Portland, OR 97217",503-341-4531,(By Appointment only.)
298,Jaxon Vineyards,5709 Hughes Road,"Medford, OR 97504",541-512-1514,(By appointment at the vineyard)
299,Johan Vineyards,4285 N Pacific Hwy,"Rickreall, OR 97371",866-379-6029 Toll Free,"(Feb 1 - Dec 23: Daily, 11 am - 5 pm)"
300,John Michael Champagne Cellars,1425 Humbug Creek Road,"Jacksonville, OR",541-846-6400,"(Fri thru Sun, 11 am to 5 pm)"
301,K & M Wines,128 W Main Street,"Carlton, OR 97111",503-625-3236,(By Appointment - 503-625-3236 & Holiday Weekends)
302,Kathken Vineyards,5739 Orchard Heights Road NW,"Salem, OR 97304",503-316-3911,(Memorial Day to Labor Day: 12 - 5 pm Sat & Sun)
303,Keeler Estate Vineyard,5100 SE Rice Lane,"Amity, OR 97101",503-550-0308,"(Thurs - Sun, 11 am - 5 pm; Tues & Wed, by appt - 503-550-0308)"
304,Ken Wright Cellars - Carlton Tasting Room,120 N Pine,"Carlton, OR 97111",503-852-7010,(Daily: 11 am - 5 pm)
305,King Estate Winery,80854 Territorial Road,"Eugene, OR 97405",541-942-9874,"(Daily, Noon - 5pm)"
306,King's Raven Winery,11603 S New Era Road,"Oregon City, OR 97045",503-505-6873,(Fri - Sun: 12 - 5 pm)
307,Kramer Vineyards,26830 NW Olson Road,"Gaston, OR 97119",503-662-4545,"(Daily April thru Oct, 11 am ?5 pm; Nov thru Mar, Thurs-Sun, 11 am - 5 pm)"
308,Kramer Vineyards - Carlton Tasting Room,258 Kutch Street,"Carlton, OR 97111",503-852-3045,(Thurs - Mon: 11 am - 5 pm)
309,Kriselle Cellars,12956 Modoc Road,"White City, OR 97503",541-830-VINO (8466),"(Daily, 11 am - 5:30 pm; Extended hours on Thurs & Fri, June thru Sept, 11 am - 7:30 pm)"
310,Kristin Hill Winery,3330 SE Amity-Dayton Hwy,"Amity, OR 97101",503-835-0850,(Mar - Dec: 12 - 5 pm Daily; Jan - Feb: Sat & Sun; or by chance)
311,L'Angolo Estate,18830 NE Williamson Road,"Newberg, OR 97132",503-538-7953,(By private appointment only)
312,Labor Wines,"818 SW 3rd Avenue, #133","Portland, OR 97204",1-855-503-9463,-
313,LaBrasseur Vineyard,2444 Cobleigh Road,Eagle Point OR,541-865-3648,"(Mar - Dec: Fri, Sat, Sun - 11 am to 5 pm)"
314,Lachini Estate Vineyards,18225 Calkins Lane,"Newberg, OR 97132",503-864-4553,"(Sat & Sun, 12 - 4:30 pm; Mon - Fri by appointment."
,,,,,Closed for Winter)
315,Lachini Winery & Tasting Room,19930 SW 112the Avenue,"Tualatin, OR 97062",888-703-0007,(Thurs - Sat: 2 - 9 pm; Sun: 12 - 5:30; Otherwise by appt)
316,Lachini Woodinville Tasting Room,14455A Woodinville Redmond Road,"Woodinville, WA 98072",425-489-9917,"(Thurs, 12 - 6 pm; Fri & Sat, 11:30 am - 8:30 pm; Sun, 11:30 am - 6 pm; Mon, 12 - 5:30 pm)"
317,Lady Hill Winery,8400 Champoeg Road,"St. Paul, OR 97137",503-678-1240,(Daily: 11 am - 5 pm)
318,Laelaps Wines,2425 SE 35th Place,"Portland, OR 97214",503-957-4273,(Call for seasonal hours)
319,Lange Estate Winery,18380 NE Buena Vista,"Dundee, OR 97115",503-538-6476,(Daily 11 am - 5 pm)
320,Laura Volkman Cellars At August Cellars,14000 NE Quarry Road,"Newberg, OR",503-806-4047,(By appointment Mon - Sat: 10 am to 2 pm)
321,Laurel Ridge Winery,13301 NE Kuehne Road,"Carlton, OR 97111",503-852-7050,"(Mon - Fri, Noon to 5 pm; Sat & Sun, 11 am to 5 pm)"
322,LaVelle Vineyards,89697 Sheffler Road,"Elmira, OR 97437",541-935-9406,"(Daily, Noon - 5pm)"
323,Lavinea (at Carlton Winemakers Studio),801 N Scott Street,"Carlton, OR 97111",503-852-6100,"(Daily, 11 am - 5 pm)"
324,Lazy River Vineyard,801 N Scott Street,"Carlton, OR 97111",503-852-6100,"(Daily, 11am - 5 pm"
325,Le Cadeau Vineyard,1326 Oregon 99W,"Dundee, OR 97115",503-625-2777,"(Daily: Mon - Sat, 11 - 5:30; Sun 1 - 5:30)"
326,Ledger David Cellars,245 N Front Street,"Central Point, OR",541-665-2218,"(Daily, Noon - 5 pm; Extended Hours every Fri with"
,,,,,live music 5:30 - 7:30 pm)
327,Left Coast Cellars,4225 N Pacific Highway (99W),"Rickreall, OR 97371",503-831-4916,(Daily: 11 am - 5 pm)
328,Lemelson Vineyards,12020 NE Stag Hollow Road,"Carlton, OR 97111",503-852-6619 x104,"(Thurs - Mon, 11 am - 4 pm)"
329,LennÇ Estate,18760 NE Laughlin Road,"Yamhill, OR 97148",503-956-2256,"(Nov - May: Sat & Sun, Noon - 5 pm; May - Oct: Thurs - Sun, Noon to 5pm)"
330,Libra Wines,11799 NE Finn Hill Loop,"Carlton, OR 97111",503-313-1775,(Memorial Day & Thanksgiving Weekends; or by Appointment)
331,Longplay Wine,215 E First Street,"Newberg, OR",503-489-8466,"(Fri & Sat, 11 am - 5 pm)"
332,LongSword Vineyard,8555 Hwy 238,"Jacksonville, Oregon 97530",541-899-1746,"(Year Round, Mon - Sun: 12 - 5 pm)"
333,Luminous Hills / Seven of Hearts,217 West Main Street,"Carlton, OR 97111",503-852-0097,"(Thurs - Mon: 11 am to 5 pm, or by appointment)"
334,Lumos Wine Company,24000 Cardwell Hill Drive,"Philomath, OR 97370",541-929-3519,(Sat - Sun: 1 - 6 pm - Apr - Nov)
335,Madrone Mountain Vineyard & Winery,540 Tumbleweed Trail,"Jacksonville, OR 97530",541-899-9642,Tastings at Red Lily Vineyards
336,Mad Violets,17429 NE Hillside Drive,"Newberg, OR 97132",541-508-8827,(By Appointment)
337,Maragas Winery,15523 SE Hwy 97,"Culver, OR 97734",541-546-5464,(Tues - Sun: 11 am to 5 pm)
338,Marchesi Vineyards,3955 Belmont Drive,"Hood River, OR 97031",541-386-1800,"(Summer - May 15 - Oct 31: Daily, 11 am - 6 pm; Fall & Winter: Fri - Sun, 11 am - 6 pm;"
,,,,,Always by appt - 541-386-1800)
339,Maresh Red Barn,9325 NE Worden Hill Road,"Dundee, OR 97115",503-537-1098,"(Mar - Dec, Wed - Sun: 11 am - 5 pm)"
340,Marks Ridge Winery,29255 Berlin Road,"Sweet Home, OR 97386",541-974-4450,"(Sat & Sun, 11 am - 5 pm or by appointment)"
341,Marshall Davis at the Horse Radish Restaurant,211 W Main Street,"Carlton, OR 97111",503-852-6656,"(Mon - Thurs, 12 - 3 pm; Fri & Sat, 12 - 10 pm)"
342,MarshAnne Landing,381 Hogan Rd,"Oakland, OR",541-459-8497,"(May - Oct: Wed - Sun, 11 am - 5 pm; Nov - Dec: Weekends, 11 am - 5 pm;"
,,,,,Other times by appointment)
343,Matello Wines,925 NE 7th St.,"McMinnville, OR 97128",503-939-1308,(By Appointment - 503-939-1308)
344,Maysara Estate,15765 SW Muddy Valley Road,"McMinnville, OR 97128",503-843-1234,(Noon - 5 pm Tuesday - Saturday; Closed Sunday)
345,McKinlay Vineyard,7120 Earlwood Road,"Newberg, OR 97132",503-625-2534,(Not open to public)
346,Medici Vineyards Tasting Room,1505 Portland Road,"Newberg, OR 97132",503-538-2427,Open Thurs - Tues: 11 am - 6 pm)
347,Megan Anne Cellars - (at Carlton Winemakers Studio),801 N Scott Street,"Carlton, OR 97111",503-852-6100,"(Daily, 11 am - 5 pm)"
348,Mekinzie Ridge Winery,4733 NE 103rd Avenue,"Portland, OR, 97220",503-936-0042,(Not open to public)
349,Melrose Vineyards,885 Melqua Road,"Roseburg, OR 97470",541-672-6080,"(Daily, 11 am - 5 pm)"
350,Merriman Wines - (Carlton Winemakers Studio),801 N Scott Street,"Carlton, OR 97111",503-852-6100,"(Daily, 11 ? 5pm)"
351,Methven Family Vineyards,10830 Westland Lane,Dayton 97114,503-975-9153,"(Fri - Sun, 11 am - 5 pm)"
352,Methven Family Vineyards - Dundee Tasting Room,130 SW 7th Street,"Dundee, OR 97115",971-832-8665,"(Daily, Noon - 8 pm)"
353,Mia Sonatina Cellars,102 Nursery Street / 6th Street,"Amity, OR 97101",503-449-0834,"(Fri - Sun, 11 am - 5 pm or by appointment)"
354,Misty Oaks Vineyard,1310 Misty Oaks Lane,"Oakland, OR 97462",541-459-3558,"(March - December: Wed - Sun, 11 am - 5 pm & by appt.)"
355,Momokawa Sake Brewery,820 Elm Street,"Forest Grove, OR 97116",503-357-7056,(Daily Noon - 5 pm)
356,Monks Gate Vineyard & Wines,9500 NE Oak Springs Farm Road,"Carlton, OR 97111",503-852-6521,"(Thurs - Mon, 12 - 5 pm, or by appointment)"
357,Montebruno Wine Company,21080 N Hwy 99W,"Dundee, OR 97115",917-972-5618,(Call for info - 917-972-5618)
358,Monte Ferro,2240 Prestwick Road,"Lake Oswego, OR 97034",503-803-9180,"(Open to Club Members & their guests most Saturdays, 10 am - 5 pm or by appt)"
359,Montinore Estate Vineyards,3663 SW Dilley Road,"Forest Grove, OR 97116",503-359-5012,"(Daily, 11 am - 5pm)"
360,Mt Hood Winery,2882 Van Horn Drive,"Hood River, OR",541-386-8333,(Daily Mar - Nov: 11 am - 5 pm)
361,Mustard Seed Cellars,1645 Brozio Road,"Roseburg, OR",541-900-0564,"(11 am - 5 pm, Thurs - Sun)"
362,Mylan Wines,"111 2nd Street, Suite #300","Hood River, OR 97310",541-819-0687,(Fri - Sun: 12 - 7 pm)
363,Mystic Mountain Vineyards,22470 SW Bennette Road,"McMinnville, OR 97128",503-434-9025,(Not open to public)
364,Mystic Wines Tasting Room,11931 Hood View Road,"Amity, OR",503-581-2769,(May- October: Weekends Noon - 5 pm & Holiday Events)
365,Mystic Wines Winery,3995 Deepwood Lane NW,"Salem, OR 97304",-,-
366,Naked Winery,102 2nd Street,"Hood River, OR 97031",541-386-3700,"(Sunday-Thursday Noon - 7 pm, Friday/Saturday Noon - 9pm)"
367,Naked Winery,330 SW Powerhouse Drive #110,"Bend, OR 97702",541-386-3700 ext 17,(Mon - Sat: 11 am - 8 pm; Sun: 11 am - 6 pm)
368,Naked Winery - McMinnville Tasting Room,211 NE 3rd Street,"McMinnville, OR",541-386-3700,(Sun - Thurs: 12 - 6 pm; Fri & Sat: 12 - 7 pm)
369,NamastÇ Vineyards,5600 Van Well Road,"Dallas, OR 97338",503-623-4150,(March-December weekends Noon - 6 pm;
,,,,,or by appointment)
370,Natalie's Estate Winery,16825 NE Chehalem Drive,"Newberg, OR 97132",503-554-9350,(By appointment only)
371,Nehalem Bay Wine Co.,34965 Hwy 53,"Nehalem, OR 97131",503-368-9463,(Open Daily: 9 - 6)
372,Nicolas-Jay,Suite 115,"Newberg, OR 97132",503-537-5027,1002-A N Springbrook Road
373,Nicolas Rolin Winery,2234 NE 50th,"Portland, OR 97213",503-282-7542,-
374,Noble Estate Vineyard,29210 Gimpl Hill Rd,"Eugene, OR 97402",541-338-3007,"(Daily, noon - 5 pm)"
375,Noble Estate,"560 Commercial St, Ste F","Eugene, OR 97402",541-338-3007,(Fri & Sat nights 4 - 10)
376,Noble Estate Vineyard,146 SW Bay Blvd,"Newport, OR 97365",541-272-5222,(Open Weekends)
377,Noble Pig Vineyard & Winery - Carlton Tasting Room,203 Main Street,"Carlton, OR 97111",503-852-3038,(Thurs-Mon 12-5 PM)
378,Nuthatch Cellars,8792 NW Chaparral Drive,"Corvallis, OR 97330",541-754-8483,(By appointment)
379,Nysa Vineyard,18651 NE Trunk Road,"Dundee, OR 97115",503-538-3604,-
380,Oak Grove Orchards Winery,6090 Crowley Road,"Rickreall, OR 97371",503-364-7052,-
381,Oak Knoll Winery,29700 SW Burkhalter Road,"Hillsboro, OR 97123",503-648-8198,"(October ? May: Mon - Sun: 11 am ? 5 pm. June ? September: Mon - Fri 11 am ? 6 pm,"
,,,,,Sat- Sun 11 am ? 5 pm)
382,Omero Cellars,213 North Yamhill Street,Carlton OR 97111,971-258-2667,"(Daily, 12 - 5 pm)"
383,Orchard Heights Winery,6057 Orchard Heights Road NW,"Salem, OR 97304",503-391-7308,(Mon - Sat: 11 am - 5 pm; Sun: 9 am - 5 pm)
384,Ore Winery,2425 SE 35th Place,"Portland, OR 97215",503-473-4055,(Call for seasonal hours)
385,Oregon Wine Lab,488 Lincoln Street,"Eugene, OR",458-201-7413,"(Pouring Local Artisan Wines daily: Mon - Thurs & Sat, 12 - 8 pm;"
,,,,,"Fri, 12 - 10 pm; Sun, 12 - 6 pm)"
386,Oswego Hills Winery,450 S Rosemont Road,"West Linn, OR 97068",503-655-2599,(Sundays: Noon - 5 pm)
387,Owen Roe Tasting Room,2761 E 9th Street,"Newberg, OR 97132",503-678-6514,"(11 am - 4 pm, Tues - Sat; Closed Sun & Mon)"
388,Pampleau At Southeast Wine Collective & Wine Bar,2425 SE 35th Place,"Portland, OR 97214",503-208-2061,(Call for seasonal hours)
389,Panther Creek Cellars,110 SW Hwy 99W,"Dundee, OR 97115",503-472-8080,(Daily 10 am to 5 pm)
390,Paschal Winery,1122 Suncrest Road,"Talent, OR 97540",541-535-7957,"(Jan - Apr: Wed - Mon, noon - 6 pm, Apr - Dec: Daily, 11 - 6 pm)"
391,Patricia Green Cellars,15225 NE North Valley Road,"Newberg, OR 97132",503-554-0821,"(Tastings by appointment Mon - Sat at 11 am, 1 pm & 3 pm)"
392,Patton Valley Vineyards,9449 SW Old Highway 47,"Gaston, OR 97119",503-985-3445,"(Thurs - Sun, 11 am to 5 pm)"
393,Paul O'Brien Winery,609 SE Pine Street,"Roseburg, OR",541-673-2280,"(Daily, 11 am - 5 pm)"
394,Pebblestone Cellars,1642 Camp Baker Road,"Medford, OR 97501",541-512-1655,(May 1 - Oct 31: Thur - Mon noon - 5 pm; Nov - April: noon - 5 pm)
395,Penner-Ash Wine Cellar,15771 Ribbon Ridge Road,"Newberg, OR 97132",503-554-5545,(Daily: 11 am - 5 pm)
396,Pete's Mountain Vineyard & Winery,28101 SW Petes Mountain Road,"West Linn, OR 97068",503-656-2130,(Sundays 12 - 5 pm; Otherwise by appt - 503-656-2130)
397,Pfeiffer Winery,25040 Jaeg Road,"Junction City, OR",541-998-2828,"(Open 7 days a week: Mon - Thurs, 11 am to 5 pm"
,,,,,"Fri - Sun, 11 am -6 pm)"
398,Pheasant Court Winery,1731 Pheasant Court,"Philomath, OR 97370",541-740-5832,(By appointment)
399,Tasting Room at The Wine Vault,1301 Main Street,"Philomath, OR",541-929-8496,(Sat & Sun: Noon to 6 pm)
400,Pheasant Run,21690 Main Street NE,"Aurora, OR 97002",503-678-3131,(Fri: 12 - 6 pm; Sat & Sun: 12 - 5 pm; Otherwise by appointment)
401,Pheasant Valley Vineyard & Winery,7890 Acree Drive,"Hood River, Oregon",541-386-2803,(Daily - 11:00 to 6:00 p.m.)
402,Phelps Creek Vineyards,1850 Country Club Road,"Hood River, OR",541-386-2607,"(May to October: Thurs - Mon, 11 to 5 pm; Mar, Apr & Nov: Fri - Sun, 11 to 5 pm;"
,,,,,Otherwise by appointment)
403,Phelps Creek Vineyards & Winery,"Hood River, OR",0,541-386-2607,Tours & Tastings by reservation
404,Pike Road Wines,105 W Main Street,"Carlton, OR 97111",503-852-3185,(Daily: 12 - 6 pm)
405,Piluso Vineyard & Winery,6654 Shaw Hwy SE,"Aumsville, OR 97325",503-749-4125,"(Open Weekends May - Oct, Memorial Day Weekend,"
,,,,,"Thanksgiving Weekend,"
,,,,,& 2nd Saturdays: 11 am - 5pm)
406,The Pines 1852 - Hood River Tasting Room & Gallery,"202 Cascade Avenue, Suite B","Hood River, OR 97031",541-993-8300,"(Mon - Wed, 12 - 5 pm; Thurs, 12 - 7 pm; Fri, 12 - 10 pm [Live Music, 6 - 9];"
,,,,,"Sat & Sun, 12 - 7 pm)"
407,The Pines Estate,5450 Mill Creek Road,"The Dalles, OR 97058-8502",541-993-8301,(Tour reservations required three days in advance)
408,Pinot Vista Wine Lounge,448 NE 3rd Street,"McMinnville, OR",503-474-6361,(Mon - Thurs: 12 - 7 pm; Fri & Sat 12 - 8 pm; Sun: 12 - 6 pm)
409,Pioneer Hopyard Vineyard - Inside Coleman Jewelers,255 SW Madison Avenue,"Corvallis, OR 97333",541-838-3723,(Fri: 4 - 6 pm; Sat: 2 - 4:30 pm; Sun - Thurs - by appointment)
410,Plaisance Ranch,16955 Water Gap Road,"Williams, OR 97544",541-846-7175,(Wed to Sun: Noon - 6 pm; Closed Tuesdays)
411,Plum Hill Vineyards,6505 SW Old Hwy 47,"Gaston, OR",503-359-4706,"(Mon - Sat, 11 am - 5 pm; Sunday noon - 5 pm)"
412,Ponzi Vineyards,14665 SW Winery Lane,"Beaverton, OR 97007",503-628-1910,(Wed -Sun: 11:30 am - 5:30 pm)
413,Ponzi Winery,19500 SW Mountain Home Road,"Sherwood, OR 97140",503-628-1227,(Daily: 11:30 - 5:30 pm)
414,Ponzi Tasting Room & Wine Bar,100 SW 7th Street,"Dundee, OR",503-554-1500,"(Open Daily, 11 am - 5 pm)"
415,The Portland Wine Project,2621 NW 30th Avenue,"Portland, OR",503-288-7752,(Sat & Sun 1 - 6 pm)
416,The Portland Wine Bar & Winery,526 SW Yamhill Street,"Portland, OR 97204",971-229-1040,"(Daily, 2 - 10 pm)"
417,The Potter's Vineyard & Laura Volkman Wines,14725 NE Quarry Road,"Newberg, OR 97132",503-504-3796,(Open Holiday weekends & by appointment - 503-504-3796)
418,PrivÇ Vineyard,28155 NE Bell Road,"Newberg, OR 97132",503-554-0464 Fax: 503-537-9030,(By appointment)
419,Provincial Vineyards,14373 NW Timmerman Road,"Forest Grove, OR 97116",503-332-6412,"(Apr 1st to Dec 1st, Sat & Sun, 11 am - 6 pm; Plus Thanksgiving weekend, 11 am - 6 pm)"
420,Pudding River Wine Cellars,9374 Sunnyview Road NE,"Salem, OR 97317",503-365-0391,(Open weekends 11 am - 5 pm Apr - Dec; Closed Jan - Mar)
421,Silverton Tasting Room,201 E Main Street,"Silverton, OR 97381",-,"(Open Thurs - Mon, 1 - 5 pm Apr - Dec; Closed Jan - Mar)"
422,Purple Cow Vineyards,501 A North Howard Street,"Newberg, OR 97132",971-259-8269,(Fri - Sun: 10 am - 5 pm; Mon - Thurs: By appt)
423,Purple Hands Wine,10505 Red Hills Road,"Dundee, OR 97115",503-538-9095,(Winter: Saturdays only & by appt Fri & Sun. 5 days a week beginning in March. Call for details.)
424,Quady North Tasting Room,255 California Street,"Jacksonville, OR 97530",541-702-2123,"(Open Thurs - Sun: April - Sept, 11 am - 7 pm;"
,,,,,Oct - Mar: 11 am - 6 pm)
425,Quailhurst Vineyard Estate,16031 SW Pleasant Hill Road,"Sherwood, OR 97140",503-330-0118,(Special Event Weekends or by appointment)
426,Quail Run Vineyards & South Stage Cellars,125 South 3rd Street,"Jacksonville, OR 97530",541-899-9120,"(Mon - Thurs: 1 - 7 pm; Fri & Sat: 1 - 8 pm; Sun: 1 - 7 pm; Closed Mon, Jan thru Mar)"
427,Quenett Cellars & Copa Di Vino at Historic Sunshine Mill,901 East 2nd Street,"The Dalles, OR",541-298-8900,(Open Noon - 6 pm daily)
428,Quintet Cellars (Carlton Winemakers Studio),801 N Scott Street,"Carlton, OR 97111",503-852-6100,"(Daily, 11 ? 5pm)"
429,R. Stuart & Co. - Tasting Room & Wine Bar,528 NE 3rd Street,"McMinnville, OR 97128",503-472-4477,(Wed - Sat: Noon - 8 pm; Sun - Tues: Noon to 6 pm)
430,R. Stuart Winery,845 NE 5th Street,"McMinnville, OR 97128",866-472-6990,(Tour & Tasting by reservation only)
431,Rain Dance Vineyards,26355 NE Bell Road,"Newberg, OR 97132",503-538-0197,"(Fri, Sat, Sun: 11 am - 5 pm; Mon - Thurs: By appt - 503-538-0197)"
432,Rainsong Vineyards Winery,92989 Templeton Road,"Cheshire, OR 97419",541-998-1786,(By appointment only)
433,Rallison Cellars,16079 SW Railroad Street,"Sherwood, OR 97140",503-347-9173,"(Thurs - Sun, 12 - 6 pm)"
434,Rambouillet Vineyard,8355 Warren Road,"Dundee, OR 97115",503-435-7002,-
435,Ransom Wines & Spirits,525 NE Third Street,"McMinnville, OR",503-472-2493,(Tues - Sun: 11 am - 7 pm)
436,Raptor Ridge Winery,18700 SW Hillsboro Hwy.,"Newberg, OR 97132",503-628-8463,"(Mid Jan to Mid Mar: Sat -Sun, 11am to 4pm; Mid Mar to Mid Dec: Thurs - Mon, 11am to 4pm;"
,,,,,"Mid Dec to Mid Jan: By appt, 503-628-8463)"
437,Redgate Vineyard,8175 Buena Vista Road,"Independence, OR 97351",503-428-7115,"(May 1 - Labor Day: Fri - Sun, 12 - 5 pm)"
438,Redhawk Vineyard,2995 Michigan City Avenue NW,"Salem, OR 97304",503-362-1596,(11 am - 5 pm)
439,Red Hills Vineyard,PO Box 401,"Dundee, OR 97115",-,-
440,Red Lily Vineyards,11777 Highway 238,"Jacksonville, OR 97530",541-846-0601,(Thurs - Sun: 11 am - 5 pm)
441,Redman Wines,18975 NE Ribbon Ridge Road,"Newberg, OR. 97132",503-554-1290,"(By Appointment; Open Houses Memorial Day, Labor Day"
,,,,,& Thanksgiving weekends)
442,Remy Wines,905 NE 10th Street,"McMinnville, OR",503-560-2003,(By appointment)
443,Remy Wines - Farmhouse Tasting Room,17495 NE McDougall Road,"Dayton, OR 97114",503-864-8777,"(Daily, 12 - 5:00 pm)"
444,Retour Winery,323 NE Davis Street,"McMinnville, OR 97128",971-237-2502,"(At Woodard Wines: Mon - Sat, 11 am - 6 pm)"
445,Reustle-Prayer Rock Vineyards,960 Cal Henry Road,"Roseburg, OR 97470",541-459-6060,"(Tues - Sat, 10 am - 5 pm; Closed Sun, Mon & Major Holidays)"
446,Rex Hill Vineyards,30835 N. Hwy 99W,"Newberg, OR 97132",503-538-0666 Fax: 503-538-1409,(Daily: 10 am - 5 pm)
447,Ribera Vineyards,21775 SW Ribera Lane,"West Linn, OR 97068",503-638-7323,"(Memorial through Thanksgiving weekend: Sat & Sun, 1 - 5 pm; Weekdays by appointment)"
448,Risdall Ranch Winery (Formerly Shafer Vineyard Cellars),6200 NW Gales Creek Road,"Forest Grove, OR 97116",503-357-6604,(11 - 5 pm Daily except Wednesdays)
449,River's Edge Winery,1395 River Drive,"Elkton, OR 97436",541-584-2357,(Summer: May - Sept: 11 am - 5 pm; Fall : Sept - Nov: Wed - Sun 11 am - 5 pm; otherwise by 24-hour advance appointment.)
450,Rizzo Winery,13005 Jerusalem Hill Road NW,"Salem, OR 97304",503-577-5741,-
451,Rockblock Cellars (At Domaine Serene),6555 NE Hilltop Lane,"Dayton, OR 97114",503-864-4600,(Daily: 11 - 4)
452,Rocky Point Cellars,22040 NE Ridge Road,"Gaston, OR 97119",509-995-2771,(Tasting by appointment only)
453,ROCO Winery,13260 NE Red Hills Road,"Newberg, OR 97132",503-538-7625,"(Jun - Oct: Thurs - Mon, 11 am to 5 pm; Nov - May: Thurs - Sun, 11 am - 5 pm)"
454,Rogue Valley Wine Center,2310 Voorhies Road,"Medford , OR 97501",541-512-2955,Eden Valley Orchards
455,Rosella's Vineyard & Winery,184 Missouri Flat Road,"Grants Pass, OR 97527",541-846-6372,(Thurs -Mon 11am - 5pm; Tues - Wed by appt.)
456,RoxyAnn Winery,3285 Hillcrest Road,"Medford, OR 97504",541-776-2315,(Daily - 11 am - 6 pm; Friday Spring Jazz Series 6:30 - 8:30 pm)
457,RR Winery,21080 NE Ribbon Ridge Road,"Newberg, OR 97232",503-984-7434,(Personal Tasting Only by Arrangement)
458,Ruby Vineyard & Winery,30088 SW Egger Road,"Hillsboro, OR 97123",503-628-7829,"(Wed - Mon, 11 am - 5 pm; Closed Tuesdays.)"
459,Saffron Fields Vineyard,18748 NE Laughlin Road,"Yamhill, OR 97148",503-662-5323,(Daily 11 am - 5 pm)
460,Saga Vineyards,30815 S. Wall Street,"Colton, OR 97017",503-824-4600,(By appointment only)
461,Saginaw Vineyard,80247 Delight Valley Road,"Cottage Grove, OR 97424",541-942-1364,"(Daily 11 am - 6 pm, til 9 pm Fri with live music)"
462,SakÇ One - Momokawa Sake Brewery,820 Elm Street,"Forest Grove, OR 97116",503-357-7056,(Daily 11 am - 5 pm)
463,Salem Hills Vineyard,7934 Skyline Rd. South,"Salem, OR 97306",503-362-5250,(Open by appointment)
464,Samuel Robert Winery,510 S. Trade Street,"Amity, OR 97101",503-835-0678,(Open Daily: 11 am - 5 pm)
465,Sarah Powell Wines,3285 Hillcrest Road,"Medford, OR 97504",541-776-2315,(at RoxyAnn)
466,Sarver Winery,25600 Mayola Lane,"Eugene, OR 97402",541-935-2979,"(Memorial Day - Thanksgiving weekend: Daily 12 - 6 pm, til 9 pm Fri w/ live music)"
467,Sass Winery,9092 Jackson Hill Road,"Salem, OR 97306",503-391-9991,(Call for hours)
468,Schmidt Family Vineyards,320 Kubli Road,"Grants Pass, OR 97527",541-846-9985,(Daily: Noon - 5 pm)
469,Schultz Wines,755 Slagle Creek Road,"Grants Pass, OR",541-414-8448,"(Sat & Sun, 12 to 5 pm & by appointment)"
470,Scott Paul Wines - Tasting Rooms,"(Carlton Tastings: Sat only, 12 - 5 pm;","Retail Sales only: Tues - Fri, 12 - 5 pm;","Portland Tastings: Fridays, 5 - 8 pm)",Tasting Rooms
471,Carlton: 128 S. Pine Street (Rt. 47),Portland: 2537 NW Upshur Street,"Portland, OR 97210",503-852-7300,"Carlton, OR 97111"
472,Season Cellars,305 Melrose Road,"Roseburg, OR 97471",541-784-7831,"(Memorial Day - Labor Day Weekend: Thurs - Mon, 12 - 6 pm; Call for appt at other times - 541-784-7831)"
473,SÇjournÇ Estate,7700 NE Cooper Lane,"Yamhill, OR 97148",971-237-5138,(By Appointment & for special events)
474,Serra Vineyards,222 Missouri Flat Road,"Grants Pass, OR",541-846-9223,(11 am - 5 pm Daily)
475,Seufert Winery,415 Ferry Street,"Dayton, OR 97114",503-709-1255,(Tues - Sun 11 am - 5 pm)
476,Seven of Hearts,217 W Main Street,"Carlton, OR 97111",971-241-6548,"(Thurs - Mon, 12 pm - 5 pm)"
477,Seven Bridges Winery,2303 N Harding Avenue,"Portland, OR",503-203-2583,"(Sat & Sun, 1 - 5 pm; also by appt)"
478,Shallon Winery,1598 Duane Street,"Astoria, OR 97103",503-325-5978,-
479,Shea Vineyard / Shea Wine Cellars,-,"Portland, OR 97221",503-241-6527,(Open for Thanksgiving & Memorial Day Weekends only)
480,Sienna Ridge Estate,1876 John Long Road,"Oakland, OR",541-849-3300,(Temporarily Closed)
481,Siltstone Wines,12251 SE Dayton Bypass,"Dayton, OR 97114",503-864-4858,(Thurs - Mon: 12 - 5 pm Or by appointment.)
482,Silvan Ridge/Hinman Vineyards,27012 Briggs Hill Road,"Eugene, Oregon 97405",541-345-1945,"(Daily, Noon - 5pm)"
483,Silver Falls Vineyards,4972 SE Cascade Hwy,"Sublimity, OR 97385",503-769-5056,"(Sat & Sun, 11 am - 6 pm or by appt)"
484,Silver Salmon Cellars,1105 Commercial,"Astoria, OR 97103",503-338-6640,(Daily 9 am - 5 pm)
485,Sineann,8400 Champoeg Road,"St Paul, OR 97137",503-341-2698,(Tastings welcome by appointment)
486,Slagle Creek Vineyards,Applegate Valley,Southern Oregon,541-846 6176,(No tasting room)
487,Sno Road Winery - Columbia Valley - Oregon,111 W Main Street,"Echo, OR 97826",541-376-0421,"(Wed & Thurs, 11 am - 6 pm; Fri, 11 am - 8:30 pm; Sat, 12 - 6 pm)"
488,Sokol Blosser Winery,5000 Sokol Blosser Lane,"Dundee, OR 97115",503-864-2282,(Daily 10 am - 4 pm)
489,SolÇna and Grand Cru Estate,17096 NE Woodland Loop Road,"Yamhill, OR 97148",503-662-4730,(Daily 11 am - 5 pm)
490,Soloro Vineyard,9110 N Applegate Road,"Grants Pass, OR",541-862-2693,(1st Weekend in Apr - most of Dec: Sat & Sun: 1 to 5 pm)
491,Soter Vineyards,10880 NE Mineral Springs Road,"Carlton, OR 97111",503-662-5600,(By advance appointment only)
492,Southeast Wine Collective and Wine Bar,2425 SE 35th Place,"Portland, OR 97214",503-208-2061,(Call for seasonal hours)
493,South Stage Cellars & Quail Run Vineyards,125 South 3rd Street,"Jacksonville, OR 97530",541-899-9120,"(Mon - Thurs: 1 - 7 pm; Fri & Sat: 1 - 8 pm; Sun: 1 - 7 pm; Closed Mon, Jan thru Mar)"
494,Spangler Vineyards,491 Winery Lane,"Roseburg, OR",541-679-9654,(Daily 11 am - 5 pm)
495,Spindrift Cellars,810 Applegate,"Philomath, OR 97370",541-929-6555,(Sat Noon - 5 pm & Area Event Weekends)
496,Springhill Cellars,2920 NW Scenic Drive,"Albany, OR 97321",541-928-1009,"(Sat & Sun, 1 - 5 pm: May thru Nov & Event Weekends)"
497,Springhouse Cellar,13 Railroad Avenue,"Hood River, OR 97031",541-308-0700,"(Daily, Noon - 6 pm; closed Mon, Nov - Mar)"
498,St. Innocent Winery,5657 Zena Road NW,"Salem, OR 97304",503-378-1526,"(Daily, 11 am - 5 pm)"
499,St. Josef's Wine Cellar,28836 S. Barlow Road,"Canby, OR 97013",503-651-3190,"(Fri - Sun, 12 - 5 pm; Weekdays by appt.)"
500,Stag Hollow Vineyards,7930 Blackburn Road,"Yamhill, OR 97148-8501",Tel. 503-662-5609,(By advance appointment)
501,Stangeland Vineyards & Winery,"8500 Hopewell Rd., NW","Salem, OR 97013",800-301-9482 or 503-581-0355,"(May - Dec: Every weekend, Noon - 5 pm; Other times by appt or by chance)"
502,Stanton Vineyard,84399 Territorial Hwy,"Eugene, OR 97405",541-554-1852,(By Appointment - 541-554-1852)
503,Stardance Vineyards,24260 NW Turner Creek Road,"Carlton, OR",-,-
504,Stave & Stone Wine Estates,210 Oak Street,"Hood River, OR 97031",541-946-3750,"(Daily, 12 - 6 pm; Fri & Sat until 8 pm)"
505,Stedt Winegrowers (At Southeast Wine Collective & Wine Bar),2425 SE 35th Place,"Portland, OR 97214",503-502-0557,(Call for seasonal hours)
506,Stella Fino,"111 2nd Street, Ste 200","Hood River, OR",541-386-6150,(Fri 2 - 6 pm; Sat Noon - 6 pm; Sun Noon - 5 pm)
507,Stoller Vineyards,16161 NE McDougall Road,"Dayton, OR",503-864-3404,(Daily: 11 am - 5 pm)
508,Stoltz Vineyards,514 State Street,"Hood River, OR 97031",541-386-8732,"(Fri, 12 - 5 pm; Sat & Sun, 11 am - 5 pm)"
509,Stone Griffon Vineyard,223 W Main Street,"Carlton, OR 97111",971-237-1045,(Winter Hours: Fri - Sun: 12 - 5 pm;
510,StoneRiver Vineyard & Winery,2178 Pioneer Road,"Talent, OR",541-864-9234,(May 1 - Oct 31: Thur - Mon Noon - 5 pm; Nov - April: Noon - 5 pm)
511,Stony Mountain Vineyard,21000 Eagle Point Road,"McMinnville, OR 97128",503-550-6317,(By appointment)
512,Styring Vineyards,19960 NE Ribbon Ridge Road,"Newberg, OR 97132",503-866-6741,(Open by Appointment and during holiday events)
513,Sweet Earth Vineyards,24843 Kyle Road,"Monroe, OR 97456",541-514-5657,(Mother's Day Weekend - Labor Day Weekend: Sat & Sun: 12 - 5 pm)
514,Sweet Cheeks Winery,26961 Briggs Hill Road,"Eugene, OR 97405",541-349-9463,"(Noon-6 pm Daily, except Noon - 9 pm on Fridays"
,,,,,"for ""Twilight Tastings"")"
515,Sweet Earth Vineyards & Winery,24843 Kyle Road,"Monroe, OR 97456",541-847-9013,-
516,TeBri Vineyards & Lavender,"Monroe, OR 97456",541-740-8544,541-740-8542,24880 Orchard Tract Road
517,Tempest Vineyards,6000 Karla's Road,"Amity, OR 97101",503-835-2600,(By appointment only)
518,TERO Estates & Flying Trout,52015 Seven Hills Road,"Milton-Freewater, OR 97862",541-203-0020,(By Appointment - 541-203-0020)
519,TERO Estates & Flying Trout,"6 West Rose Street, Suite 103","Walla Walla, WA 99362",541-203-0020,"(Mon - Wed, 12 - 5; Fri & Sat, 10 - 6; Sun & Thurs, 11 - 5; also by appt - 541-203-0020)"
520,Terra Vina Wines,585 NE Third Street,"McMinnville, OR 97128",503-474-6777,"(Mon, 2 - 7 pm; Thurs - Sat, 12 - 7 pm; Sun, 12 - 5 pm; Otherwise by appt - 503-925-0712)"
521,Terra Vina Vineyard,33750 SW Ladd Hill Road,"Wilsonville, OR 97070",503-925-0712,"(June - Oct, 2nd Saturdays: 12 - 6; Otherwise by appointment or"
,,,,,on Holiday weekends 12 - 5 pm)
522,Territorial Vineyards & Wine Co.,907 W Third Avenue,"Eugene, OR 97402",541-684-9463,"(Thurs, 5 to 11 pm with live music, Fri & Sat, 2 to 7 pm)"
523,Tertulia Cellars - Dundee Tasting Room,"1326 N Hwy 99, Suite 104","Dundee, OR 97115",503-554-8995,(Thurs - Mon: 10 am - 5 pm; Tue & Wed by appointment)
524,Tesoaria Vineyard & Winery,512 N Curry Road,"Roseburg, OR 97471",541-671-7956,"(Daily, 11 am - 6 pm)"
525,TeSoAria Vineyard & Winery - The Portland Tasting Room,4003 N Williams Avenue,"Portland, OR 97227",971-229-0050,"(Mon - Thurs, 1 - 9 pm; Fri & Sat, 11 am - 10 pm;"
,,,,,"Sun, 11 am - 9 pm)"
526,Teutonic Wine Company,3546 NE Tillamook Street,"Portland, OR 97212",503-705-6311,-
527,Thistle Wines,10555 NE Red Hills Road,"Dundee, OR 97115",503-590-0449,"(May - Sept: Sat & Sun, 11 am - 4 pm: or by appointment)"
528,Toluca Lane,14000 NE Quarry Road,"Newberg, OR",503-554-6766,(Open Fri - Sun year-round; May - Sept: 11 am - 5 pm:
,,,,,Tastings by Appointment at August Cellars:)
529,Torii Mor Winery,18325 NE Fairview Drive,"Dundee, OR 97115",503-538-2279,"(Daily 11 am -5 pm; Closed Thanksgiving,"
,,,,,Christmas and New Years)
530,The Traditional Company - Cider House & Tasting Room,6130 Bethel Heights Road NW,Salem OR 97304,503-361-2400,"(Sat & Sun, 10 am to 5 pm; and by appointment)"
531,Trella Vineyards,642 SE Jackson Street,"Roseburg, OR",541-671-2018,(Thurs - Sat: 2 - 7 pm; Sun: 2 - 5 pm)
532,Treos Wine,10705 Airlie Road,"Monmouth, OR 973611",503-610-3530,(By Appointment)
533,Treveri - Trinity Vineyards,1031 Wahl Lane South,"Salem, OR 97306",503-371-6977,(Sat & Sun 12 - 6)
534,Triple Oak Vineyard - Tasting Room: Triple Oak Wine Vault,1305 Oak Street,"Oakland, OR 97462",541-459-4287,"(Fri & Sat, 12 - 6 pm; Sun, Noon - 5 pm or by appointment)"
535,Trisaetum Winery & Vineyards,18401 Ribbon Ridge Road,"Newberg, OR",503-538-9898,(Daily: 11 am - 4 pm)
536,Trium Winery,7112 Rapp Lane,"Talent, OR",541-535-4015,(Apr 1 - Oct 31: Daily 11 - 5:30 pm; Nov & Dec: 12 - 5 pm)
537,Troon Vineyard,1475 Kubli Road,"Grants Pass, OR 97527",541-846-9900,(Feb - Memorial Day Weekend: 11 am - 5 pm; Memorial Day Weekend - Sept: 11 am - 6 pm;
,,,,,Oct - Dec 31: 11 am - 5 pm; Closed during Jan)
538,Troon Vineyard,(Fri - Mon 11 - 5 pm),250 N Kutch Street,"Carlton, OR 97111",Carlton Tasting Room
539,503-852-3084,(Tasting by appointment),"Newberg, OR",503-888-6410,Trout Lily Ranch
540,Tualatin Estate,10850 NW Seavey Road,"Forest Grove, OR 97116",503-357-5005,"(Fri - Sun, 12 ? 5 pm)"
541,Twelve Wine,214 Main Street,"Carlton, OR 97111",503-435-1212,"(Fri - Sun, 12 - 6 pm))"
542,Tyee Wine Cellars,26335 Greenberry Road,"Corvallis, OR 97333",541-753-8754,"(April - Dec: Weekends noon to 5 pm, June 15 - Aug: Fridays & Mondays, too.)"
543,Umpqua Valley Wine Tasting Room,157 W California Street,"Jacksonville, WA",541-899-9120,"(Jun - Sept: Thurs - Mon, 12 - 7 pm; Oct - May: Fri - Sun, 12 - 7 pm)"
544,Upsidedown Wine,311 Oak Street,"Hood River, OR",541-436-3851,(Thurs - Sun: 12 - 7 pm; Mon: 10 am - 5 pm; Tues - Wed: 1 - 6 pm)
545,Urban Crush Winery,2025 SE 7th Avenue,"Portland, OR 97214",503-477-6994,"(Thurs - Sat, 12 - 7 pm; Sun, 12 - 5 pm, or by appointment)"
546,Utopia Vineyard,17445 NE Ribbon Ridge Road,"Newberg, OR 97132",503-687-1671,"(May 1 to Nov 30, Daily, 11 am - 6 pm; Dec 1 to Apr 30, Weekends 11 am - 6 pm; Otherwise by appointment)"
547,Valhalla Winery,23785 Hwy 126,"Veneta, OR 97487",541-935-9711,"(Open Daily Year Round: 11 am - 5 pm; Fri until 9 pm for ""Wine Thirty at Valhalla"")"
548,Valley View Winery,1000 Upper Applegate Road,"Jacksonville, OR 97530",800-781-9463,(11 am - 5 pm)
549,Van Duzer Wines,11975 Smithfield Road,"Dallas, OR 97338",503-623-6420,(11 am - 5 pm; or by appt)
550,Velocity Wine Cellars (Wines poured at RoxyAnn Winery),2000 Ashland Mine Road,"Ashland, OR 97520",541-482-9336,-
551,Veracity Spirits,"720 NE Granger Avenue, Bldg C","Corvallis, OR 97330",541-286-4285,"(1st & 3rd Sat: 11 am - 5 pm - starting Feb 18, or by appointment)"
552,Vidon Vineyards,17425 NE Hillside Drive,"Newberg, OR 97132",503-538-4092,"(Fri - Sun, 11 am - 4 pm; Or by appointment, 503-260-1009)"
553,Viento Wines,301 Country Club Road,"Hood River, OR",541-386-3026,"(Daily Apr - Nov: 12 - 5 pm; Dec - Mar: Sat & Sun, 12 - 5 pm)"
554,Villa Catalana Cellars,11900 S Criteser Road,"Oregon City, OR 97045",503-780-6200,"(Saturdays, 1 - 4 pm)"
555,VinTyr,300 E 1st Street,"Newberg, OR 97132",971-264-0881,"(Thurs, Sun & Mon - 12 - 5 pm; Fri & Sat - 12 - 6 pm)"
556,Viola Wine Cellars,2901 NE Alberta Street,"Portland, OR 97211",503-318-5053,(Open Fridays 2 - 7 pm; Sat 1 - 6 pm)
557,Vista Hills Vineyard - Tree House Tasting Room,6475 Hilltop Lane,"Dayton, OR 97114",503-864-3200,(Wed -Sun: noon - 5 pm; and by appointment)
558,Vitae Springs Vineyard,3675 Vitae Springs Road South,"Salem, OR 97306",503-588-0896,-
559,Vitis Ridge,6685 Meridian Road NE,"Silverton, OR 97381",503-873-9800,(2nd Saturday & Sunday each month - Noon - 5 pm;
,,,,,Memorial & Thanksgiving Weekends
,,,,,11 am - 6 pm)
560,Volare Vineyard,16225 NE Wilkerson Way,"Newberg, OR 97132",503-537-9462,(Call 503-537-9462)
561,Volcano Vineyards,"70 SW Century Drive, Ste 175","Bend, OR 97702",541-617-1102,(Fri & Sat: 12 - 6 pm; Sun: 12 - 4 pm)
562,VX (Vercingetorix) Vineyard at Willamette Farms,8000 NE Parrish Road,"Newberg, OR 97132",503-537-0799,"(Weekends: Sat & Sun, 1 - 5 pm)"
563,Wahle Vineyards & Cellars at The Carlton Winemakers Studio,801 N Scott Street,"Carlton, OR 97111",503-852-6100,"(Daily, 11 am - 5 pm)"
564,Walnut City WineWorks,475 NE 17th Street,"McMinnville, OR 97128",503-472-3215,(Thurs - Sun: 11 am - 4:30 pm)
565,Walnut Ridge,94739 Turnbow Lane,"Junction City, OR 97448",541-998-2606,(Fri & Sat: 1 - 7 pm; Sun: 1 - 5 pm; or by appointment - 541-998-2606)
566,Walter Scott Wine,6130 Bethel Heights Road NW,"Salem, OR 97304",971-209-7786,(By Appointment; Also open Memorial Day & Thanksgiving Weekends)
567,Wasson Brothers Winery,41901 Hwy 26,"Sandy, OR 97055",503-668-3124,-
568,Watermill Winery - Walla Walla Valley Oregon,235 East Broadway,"Milton-Freewater, OR 97862",541-938-5575,(Mon - Sat: 11 am - 4 pm; Otherwise by appointment)
569,Weisinger's of Ashland,3150 Siskiyou Blvd,"Ashland, OR 97520",541-488-5989,"(May - Sept: Daily 11 am to 6 pm; Oct - Apr: Wed - Sun, 11 am to 5 pm)"
570,Welsh Family Wines At Southeast Wine Collective & Wine Bar,2425 SE 35th Place,"Portland, OR 97214",503-208-2061,(Call for seasonal hours)
571,Westport Winery Seaside,810 Broadway,"Seaside, Oregon",503 - 739-7322,"(Daily: Fri & Sat, 11 am - 8 pm; Sun - Thurs, 11 am - 6 pm"
572,Westport Winery Garden Resort,1 South Arbor Road,"Aberdeen, Washington 98520",360-648-2224,(Daily 8 am - 7 pm)
573,Westrey Wines,1065 E. Alpine,"McMinnville, OR 97128",503-434-6357,(By appointment)
574,Wetherell Vineyards,577 Mode Road,"Umpqua, OR 97486",541-459-4222,-
575,Wheatland Winery / Arcane Cellars,22350 Magness Road NW,"Wheatland (Salem), OR",503-868-7076,(Open noon - 4 pm Spring & Summer)
576,Whiskey Hill Winery,295 S Barlow Road,"Canby, OR 97013",503-974-7143,(Fri - Sun: 12 - 5 pm; Call for an appointment other days & in Winter)
577,Whistling Dog Cellars,1915 NW Oak Grove Road,"Salem, OR 97304",503-329-5114,(By appointment)
578,White Rose Estate,6250 NE Hilltop Lane,"Dayton, OR 97114",503-864-2328,(Daily 11 am - 5 pm; or by appointment)
579,WildAire Cellars (Carlton Winemakers Studio),801 N Scott Street,"Carlton, OR 97111",503-851-3689,"(Daily, 11 ? 5pm)"
580,Wild Rose Vineyard,375 Porter Creek Road,"Winston, OR 97496",541-679-2043,(Daily: 11 am - 5 pm)
581,Wild Winds Winery,9092 Jackson Hill Road,"Salem, OR 97306",503-391-9991,(By appointment only)
582,Wild Wines,4550 Little Applegate Road,"Ruch, OR 97530",541-899-1565,(Friday-Sunday 12 - 5 pm)
583,WillaKenzie Estate,19143 NE Laughlin Road,"Yamhill, OR 97148",503-662-3280 or 888-953-9463,"(Nov - April, daily 11 am - 4 pm; May - Oct, daily 11 am - 5 pm)"
584,Willamette Valley Vineyards,8800 Enchanted Way SE,"Turner, OR 97392",800-344-9463 or 503-588-8963,(Daily 11 am - 6 pm)
585,Willamette Valley Vineyards - Tualatin Estate Tasting Room,10850 NW Seavey Road,"Forest Grove, OR 97116",503-357-5005,"(Sat & Sun, 12 - 5 pm)"
586,Willamette Valley Vineyards Wine Center - McMinnville Tasting Room,300 NE 3rd Street,"McMinnville, OR",503-883-9013,(Mon - Sat: 11 am - 6 pm; Sun: 12 - 6 pm)
587,Willful Wine Company At Southeast Wine Collective & Wine Bar,2425 SE 35th Place,"Portland, OR 97214",503-577-8982,(Call for seasonal hours)
588,William Hatcher Wines,PO Box 489,"Dundee, OR 97115",503-864-4489,(By appointment)
589,William Rose Wines,488 Lincoln Street,"Eugene, OR 97401",541-852-6233,"(At Oregon Wine Lab in Eugene. Open daily: Mon - Thurs & Sat, 12 - 8 pm;"
,,,,,"Fri, 12 - 10 pm; Sun, 12 - 6 pm)"
590,Winderlea - McMinnville Tasting Room,"829 NE 5th Street, Ste 700","McMinnville, OR 97128",971-241-8228,"(Apr - Nov: Thurs - Mon, 11 am - 5 pm; Dec - Mar: Thurs - Mon, 11 am - 4 pm;"
,,,,,Tues & Wed by appointment)
591,Winderlea Vineyard & Winery,8905 Worden Hill Road,"Dundee, OR 97115",503-554-5900,(Mon - Fri: 10 am - 4 pm; Sat & Sun: By appointment)
592,Wine Country Farm Cellars,6855 Breyman Orchard Road,"Dayton, OR 97114",503-864-3446,"(Memorial Day - Thanksgiving, 11 am -5 pm daily; Winter weekends: 11 am - 5 pm)"
593,Wine Noir,19700 SW Highway 18,"McMinnville, OR 97128",503-843-3633,"(Sun - Thurs, 11 am - 5 pm; Fri & Sat, 11 am - 6:30 pm)"
594,The Wine Vault,1301 Main Street,"Philomath, OR",541-929-8496,(Sat & Sun: noon to 6 pm)
595,Winter's Hill Vineyard,6451 NE Hilltop Lane,"Dayton, OR 97114",503-864-4610,(Fri - Mon: Noon to 5 pm; Appointments welcome other times.)
596,Witness Tree Vineyard,7111 Spring Valley Road NW,"Salem, OR 97304",503-585-7874,(11 am - 5 pm: March - May: Sat & Sun;
,,,,,June - Aug: Tues - Sun;
,,,,,Sept - Dec: Sat & Sun;
,,,,,"Jan 18 - 20, Feb 15 - 17)"
597,Wooden Shoe Vineyards,33814 S Meridian Road,"Woodburn, OR 97071",503-634-2243,"(Mar 1 - Dec 20: Sat & Sun, 11 am - 5 pm)"
598,WooHoo Winery,240 10th Street,"Astoria, OR 97103",-,"(Wed - Sat, 12 - 6)"
599,Wooldridge Creek Vineyard,818 Slagle Creek Road,"Grants Pass, OR 97527",541-846-6364,"(Open Daily, 11 am - 5 pm)"
600,Woven Wineworks,959 NW Couch Street,"Portland, OR 97209",503-307-4800,(Thurs- Sat: 11 am - 6 pm; VIP Private Tastings by appt - 503-307-4800)
601,Wy'East Vineyards,3189 Hwy 35,"Hood River, OR 97031",541-386-1277,(Apr - Oct: 11 am - 5 pm; Early Spring & Nov: weekends 11 am -5 pm;
,,,,,Dec & Jan: by appt)
602,Yamhill Valley Vineyards,16250 Oldsville Road,"McMinnville, OR 97128",800-825-4845,"(Memorial Day - Thanksgiving: 11 am - 5 pm; Sat & Sun, Mid-Mar - Memorial Day: 11 am - 5 pm;"
,,,,,"1st three weekends of Dec, 11 am - 5pm)"
603,Youngberg Hill Vineyards & Inn,10660 Youngberg Hill Road,"McMinnville, OR 97128",503-472-2727,(Open daily: 11 am to 5 pm; Appts needed for groups of more than six
,,,,,and for tastings Dec - March)
604,Zenas Wines at SÇjournÇ,7700 NE Cooper Lane,"Yamhill, OR 97111",971-231-5128,(By appointment & for special events)
605,Zerba Cellars - Walla Walla Valley - Oregon,85530 Hwy. 11,"Milton-Freewater, OR 97862",541-938-9463,(Mon - Sat: noon - 5 pm; Sun: noon - 4 pm)
606,Zerba Cellars,810 Highway 99 W,"Dundee, OR 97115",503-537-9463,"(Daily, 11 am - 6 pm)"
607,Zimri Cellars,4213 NE Zimri Drive,"Newberg, OR 97132",503-260-7529,-
608,Z'IVO Wines - Tastings in Eola-Amity Hills,-,Tastings in Eola-Amity Hills,503-705-9398,(By appointment)
